API_CID,Excipient_CID,Outcome1,API_Smiles,Excipient_Smiles
8753,56841936,1,CCCCCCCCCCCC[N+](C)(C)CC1=CC=CC=C1.[Cl-],O.O.O=[Al]O[Si](=O)O[Si](=O)O[Al]=O
4680,1732,1,COC1=C(C=C(C=C1)CC2=NC=CC3=CC(=C(C=C32)OC)OC)OC,CC1=C(C=CC(=C1)O)Cl
2712,3423265,1,CN=C1CN(C(=C2C=C(C=CC2=N1)Cl)C3=CC=CC=C3)O,CCCCCCCCCCCCOS(=O)(=O)[O-].[Na+]
68704,131751496,1,CC(C)CC1=CC=C(C=C1)C(C)C(=O)NO,C1CC(=O)N(C1)C(CP)P
135476717,135436510,0,CCS(=O)(=O)O.CN1CCN(CC1)CC(=O)N(C)C2=CC=C(C=C2)N=C(C3=CC=CC=C3)C4=C(NC5=C4C=CC(=C5)C(=O)OC)O,C1=CC=C(C=C1)N=NC2=C(C3=C(C(=C(C=C3C=C2S(=O)(=O)O)S(=O)(=O)O)N=NC4=CC=C(C=C4)[N+](=O)[O-])N)O.[Na+]
10176082,1117,1,[OH-].[OH-].[OH-].[Al+3],[O-]S(=O)(=O)[O-]
54681908,11199,0,CN(C)C1C2CC3CC4=C(C=CC(=C4C(=C3C(=O)C2(C(=C(C1=O)C(=O)N)O)O)O)O)CN(C)OC,C=CO
4409,11177,0,CC(=O)CCC1=CC2=C(C=C1)C=C(C=C2)OC,CCCCCCCCCCCCCCCCCC(=O)[O-].CCCCCCCCCCCCCCCCCC(=O)[O-].[Mg+2]
11949652,11177,1,CC1=NN(C(=C1)N2CCN(CC2)C3CC(NC3)C(=O)N4CCSC4)C5=CC=CC=C5,CCCCCCCCCCCCCCCCCC(=O)[O-].CCCCCCCCCCCCCCCCCC(=O)[O-].[Mg+2]
3749,712,1,CCCCC1=NC2(CCCC2)C(=O)N1CC3=CC=C(C=C3)C4=CC=CC=C4C5=NNN=N5,C=O
9552079,24462,1,C1=CC(=CC=C1NC(=NC(=NCCCCCCN=C(N)N=C(N)NC2=CC=C(C=C2)Cl)N)N)Cl,[O-]S(=O)(=O)[O-].[Cu+2]
445643,3423265,0,CC1CC(C2C(CC(C(O2)(C(=O)C(=O)N3CCCCC3C(=O)OC(C(C(CC(=O)C(C=C(C1)C)CC=C)O)C)C(=CC4CCC(C(C4)OC)O)C)O)C)OC)OC,CCCCCCCCCCCCOS(=O)(=O)[O-].[Na+]
753,6426889,1,C(C(CO)O)O,[O-]Cl(=O)=O.[K+]
12560,11177,1,CCC1C(C(C(C(=O)C(CC(C(C(C(C(C(=O)O1)C)OC2CC(C(C(O2)C)O)(C)OC)C)OC3C(C(CC(O3)C)N(C)C)O)(C)O)C)C)O)(C)O,CCCCCCCCCCCCCCCCCC(=O)[O-].CCCCCCCCCCCCCCCCCC(=O)[O-].[Mg+2]
59772,6581,0,CNS(=O)(=O)CC1=CC2=C(C=C1)NC=C2CCN(C)C.C(CC(=O)O)C(=O)O,C=CC(=O)O
181458,26042,0,CC12CC3CC(C1)(CC(C3)(C2)N)C.Cl,O=[Ti]=O
60795,6917,0,C1CC(=O)NC2=C1C=CC(=C2)OCCCCN3CCN(CC3)C4=C(C(=CC=C4)Cl)Cl,C=CN1CCCC1=O
6850754,14797,1,COC1C(C(C(OC1C(=O)O)OC2C(C(C(OC2C(=O)O)OC)O)O)O)O,[OH-].[K+]
9552079,5959,1,C1=CC(=CC=C1NC(=NC(=NCCCCCCN=C(N)N=C(N)NC2=CC=C(C=C2)Cl)N)N)Cl,C1=CC(=CC=C1C(C(CO)NC(=O)C(Cl)Cl)O)[N+](=O)[O-]
3955,155491311,1,CN(C)C(=O)C(CCN1CCC(CC1)(C2=CC=C(C=C2)Cl)O)(C3=CC=CC=C3)C4=CC=CC=C4,O.O.O.O.[OH-].[O-2].[O-2].[O-2].[O-2].[O-2].[O-2].[O-2].[O-2].[O-2].[O-2].[Mg+2].[Al+3].[Si].[Si].[Si].[Si]
51634,16211978,0,CCCCN1CC(C(C(C1CO)O)O)O,O=[Fe].O=[Fe]O[Fe]=O
65157,6850741,0,CCCCCCCCCCC(=O)OC1CCC2C1(CCC3C2CCC4=CC(=O)CCC34C)C,CC1CCC2(CC1)C(CO2)C.CC1CCC(C(C1)O)C(C)C.CC1CCC(C(C1)OC(=O)C)C(C)C.CC1CCC(C(=O)C1)C(C)C.CC1CCC2=C(C1)OC=C2C.CC1CCC(=C(C)C)C(=O)C1
447043,6134,0,CCC1C(C(C(N(CC(CC(C(C(C(C(C(=O)O1)C)OC2CC(C(C(O2)C)O)(C)OC)C)OC3C(C(CC(O3)C)N(C)C)O)(C)O)C)C)C)O)(C)O,C(C1C(C(C(C(O1)OC2C(OC(C(C2O)O)O)CO)O)O)O)O
15008962,11177,0,COC1=C(C(=NC=C1)CS(=O)C2=NC3=C([N-]2)C=CC(=C3)OC(F)F)OC.[Na+],CCCCCCCCCCCCCCCCCC(=O)[O-].CCCCCCCCCCCCCCCCCC(=O)[O-].[Mg+2]
181458,24261,0,CC12CC3CC(C1)(CC(C3)(C2)N)C.Cl,O=[Si]=O
66558664,26924,0,CCN(C1CCOCC1)C2=CC(=CC(=C2C)C(=O)NCC3=C(C=C(NC3=O)C)C)C4=CC=C(C=C4)CN5CCOCC5,O[Si](=O)[O-].O[Si](=O)[O-].[O-][Si](=O)[O-].[O-][Si](=O)[O-].[Mg+2].[Mg+2].[Mg+2]
9918581,104938,0,C1CCC(CC1)N2CCN(CC2)C3=C(N=C(S3)NC(=O)C4=CC(=C(N=C4)N5CCC(CC5)C(=O)O)Cl)C6=CC(=CS6)Cl.C(=CC(=O)O)C(=O)O,C(C1C(C(C(C(O1)OC2C(OC(C(C2O)O)O)CO)O)O)O)O.O
3715,104805,1,CC1=C(C2=C(N1C(=O)C3=CC=C(C=C3)Cl)C=CC(=C2)OC)CC(=O)O,O.O.OP(=O)([O-])[O-].[Ca+2]
46700777,518696,0,CCC1=C(C=CC(=C1)C(=NOCC2=CC(=C(C=C2)C3CCCCC3)C(F)(F)F)C)CN4CC(C4)C(=O)O.CCC1=C(C=CC(=C1)C(=NOCC2=CC(=C(C=C2)C3CCCCC3)C(F)(F)F)C)CN4CC(C4)C(=O)O.C(=CC(=O)O)C(=O)O,O=[Fe]O[Fe]=O
3825,11177,1,CC(C1=CC(=CC=C1)C(=O)C2=CC=CC=C2)C(=O)O,CCCCCCCCCCCCCCCCCC(=O)[O-].CCCCCCCCCCCCCCCCCC(=O)[O-].[Mg+2]
6918493,174,0,CC1=CC(=NC(=N1)OC(C(=O)O)C(C2=CC=CC=C2)(C3=CC=CC=C3)OC)C,C(CO)O
11551689,131751496,0,C1CCN(CC1)CCCOCCCC2=CC=C(C=C2)Cl.Cl,C1CC(=O)N(C1)C(CP)P
66370,441374,1,C(C1C(C(C(C(O1)O)O)O)O)O.O,C1C(C(C(C(C1N)OC2C(C(C(C(O2)CN)O)O)O)O)OC3C(C(C(C(O3)CO)O)N)O)N.OS(=O)(=O)O
130904,104938,0,CC(=O)C1(CCC2C1(CC(C3=C4CCC(=O)C=C4CCC23)C5=CC=C(C=C5)N(C)C)C)OC(=O)C,C(C1C(C(C(C(O1)OC2C(OC(C(C2O)O)O)CO)O)O)O)O.O
3386,11177,0,CNCCC(C1=CC=CC=C1)OC2=CC=C(C=C2)C(F)(F)F,CCCCCCCCCCCCCCCCCC(=O)[O-].CCCCCCCCCCCCCCCCCC(=O)[O-].[Mg+2]
9997821,23663626,1,CC1(C(N2C(S1(=O)=O)CC2=O)C(=O)OCOC(=O)C(C)(C)C)C,COC(=O)C1=CC=C(C=C1)[O-].[Na+]
54681908,26042,0,CN(C)C1C2CC3CC4=C(C=CC(=C4C(=C3C(=O)C2(C(=C(C1=O)C(=O)N)O)O)O)O)CN(C)OC,O=[Ti]=O
5362065,134601,0,C=CC1=C(N2C(C(C2=O)NC(=O)C(=NOCC(=O)O)C3=CSC(=N3)N)SC1)C(=O)O,COC(=O)C(CC1=CC=CC=C1)NC(=O)C(CC(=O)O)N
6328154,23931,1,CC(=O)O.C(C(C(C(C(C=O)O)O)O)O)O.[Na],[Hg]
14985,104755,1,CC1=C(C2=C(CCC(O2)(C)CCCC(C)CCCC(C)CCCC(C)C)C(=C1O)C)C,[Ag+]
50922675,24751,0,CC(C)N1C=C(C(=N1)C2=C(C(=CC(=C2)Cl)NS(=O)(=O)C)F)C3=NC(=NC=C3)NCC(C)NC(=O)OC,CC1CO1.C1CO1
154256,104938,0,CC1=C(N(C2=C1C=C(C=C2)O)CC3=CC=C(C=C3)OCCN4CCCCCC4)C5=CC=C(C=C5)O.CC(=O)O,C(C1C(C(C(C(O1)OC2C(OC(C(C2O)O)O)CO)O)O)O)O.O
11001318,702,0,C1=CC2=C(C=C1C(=O)O)OC(=N2)C3=CC(=CC(=C3)Cl)Cl,CCO
11673085,11199,0,CC1CNCCC2=C1C=C(C=C2)Cl.Cl,C=CO
42611257,26924,0,CCCS(=O)(=O)NC1=C(C(=C(C=C1)F)C(=O)C2=CNC3=C2C=C(C=N3)C4=CC=C(C=C4)Cl)F,O[Si](=O)[O-].O[Si](=O)[O-].[O-][Si](=O)[O-].[O-][Si](=O)[O-].[Mg+2].[Mg+2].[Mg+2]
115366,174,0,COC(=O)C(C1=CC=CC=C1Cl)N2CCC3=C(C2)C=CS3.OS(=O)(=O)O,C(CO)O
118023034,14055602,0,CC(C1=CC=C(C=C1)F)(C2=CN=C(N=C2)N3CCN(CC3)C4=NC=NN5C4=CC(=C5)C6=CN(N=C6)C)N,COC1C(OC(C(C1O)O)OC2C(OC(C(C2O)O)OC)CO)CO
406563,11177,0,CC1=CC=C(C=C1)S(=O)(=O)O.CNC(=O)C1=NC=CC(=C1)OC2=CC=C(C=C2)NC(=O)NC3=CC(=C(C=C3)Cl)C(F)(F)F,CCCCCCCCCCCCCCCCCC(=O)[O-].CCCCCCCCCCCCCCCCCC(=O)[O-].[Mg+2]
51039094,11177,0,CC1=C(C=CC(=C1)NC2=NC=NC3=C2C=C(C=C3)NC4=NC(CO4)(C)C)OC5=CC6=NC=NN6C=C5,CCCCCCCCCCCCCCCCCC(=O)[O-].CCCCCCCCCCCCCCCCCC(=O)[O-].[Mg+2]
121494085,14055602,0,C(C1C(C(C(C(O1)OC2(C(C(C(O2)COS(=O)(=O)O[Al])OS(=O)(=O)O[Al])OS(=O)(=O)O[Al])COS(=O)(=O)O[Al])OS(=O)(=O)O[Al])OS(=O)(=O)O[Al])OS(=O)(=O)O[Al])OS(=O)(=O)O[Al].O.O.O.O.O.O.O.O.O.O.O.O.O.O.O.O.O.O.O.O.[Al],COC1C(OC(C(C1O)O)OC2C(OC(C(C2O)O)OC)CO)CO
71424,5541,0,CCOC1=CC=CC=C1OCC2CNCCO2.Cl,CC(=O)OCC(COC(=O)C)OC(=O)C
92974,263,0,C1=CC(=C(C=C1C(C(C(=O)O)N)O)O)O,CCCCO
51081,6134,1,CCN1C=C(C(=O)C2=CC(=C(C=C21)N3CCN(CC3)C)F)C(=O)O,C(C1C(C(C(C(O1)OC2C(OC(C(C2O)O)O)CO)O)O)O)O
25517,14797,1,[NH4+].[Cl-],[OH-].[K+]
163701,174,0,CCN(CC)C(=O)C1(CC1CN)C2=CC=CC=C2.Cl,C(CO)O
8753,784,1,CCCCCCCCCCCC[N+](C)(C)CC1=CC=CC=C1.[Cl-],OO
2249,51063134,1,CC(C)NCC(COC1=CC=C(C=C1)CC(=O)N)O,COCC1C(C(C(C(O1)OC2C(OC(C(C2OC)OC)OC)COC)OC)OC)OC
40632,6328154,0,CC1=CN(C(=O)C=C1)C2=CC=CC=C2,CC(=O)O.C(C(C(C(C(C=O)O)O)O)O)O.[Na]
23670359,14055602,0,CCCCCN(C)CCC(O)(P(=O)(O)O)P(=O)(O)[O-].[Na+],COC1C(OC(C(C1O)O)OC2C(OC(C(C2O)O)OC)CO)CO
121494085,134601,0,C(C1C(C(C(C(O1)OC2(C(C(C(O2)COS(=O)(=O)O[Al])OS(=O)(=O)O[Al])OS(=O)(=O)O[Al])COS(=O)(=O)O[Al])OS(=O)(=O)O[Al])OS(=O)(=O)O[Al])OS(=O)(=O)O[Al])OS(=O)(=O)O[Al].O.O.O.O.O.O.O.O.O.O.O.O.O.O.O.O.O.O.O.O.[Al],COC(=O)C(CC1=CC=CC=C1)NC(=O)C(CC(=O)O)N
71329,86278134,0,CN(CCC1=CC=C(C=C1)NS(=O)(=O)C)CCOC2=CC=C(C=C2)NS(=O)(=O)C,C(C1C(C(C(C(O1)OC2C(OC(C(C2O)O)OCC3C(C(C(C(O3)OC4C(OC(C(C4O)O)OC5C(OC(C(C5O)O)O)CO)CO)O)O)OC6C(C(C(C(O6)CO)OC7C(C(C(C(O7)CO)O)O)O)O)O)CO)O)O)O)O
4421,11177,1,CCN1C=C(C(=O)C2=C1N=C(C=C2)C)C(=O)O,CCCCCCCCCCCCCCCCCC(=O)[O-].CCCCCCCCCCCCCCCCCC(=O)[O-].[Mg+2]
118023034,6850749,0,CC(C1=CC=C(C=C1)F)(C2=CN=C(N=C2)N3CCN(CC3)C4=NC=NN5C4=CC(=C5)C6=CN(N=C6)C)N,CC1(C2CCC(C23CC1C(=CC3O)C(=O)O)C(=O)O)CO.C(CCCC(C(CCCCCO)O)O)CCCC(=O)O
5560,121950,1,C1=C2C(=CC(=C1Cl)S(=O)(=O)N)S(=O)(=O)NC(N2)C(Cl)Cl,CC(CO)O.CC(=O)O.CO.C(CC(=O)O)C(=O)O
14986,23978,1,CC1=C(C=C2CCC(OC2=C1C)(C)CCCC(C)CCCC(C)CCCC(C)C)O,[Cu]
3007,104938,1,CC(CC1=CC=CC=C1)N,C(C1C(C(C(C(O1)OC2C(OC(C(C2O)O)O)CO)O)O)O)O.O
6328154,5359268,1,CC(=O)O.C(C(C(C(C(C=O)O)O)O)O)O.[Na],[Al]
3036505,104938,0,C1=CC=C(C=C1)C(=C(C2=CC=CC=C2)C3=CC=C(C=C3)OCCO)CCCl,C(C1C(C(C(C(O1)OC2C(OC(C(C2O)O)O)CO)O)O)O)O.O
53393742,72941614,1,C[N+]1=C2C=C(C=CC2=CC3=C1C=C(C=C3)N)N.C1=CC(=CC2=NC3=C(C=CC(=C3)N)C=C21)N.Cl.Cl.Cl.[Cl-],O.[O-2].[O-2].[O-2].[O-2].[O-2].[O-2].[O-2].[O-2].[O-2].[O-2].[O-2].[O-2].[Na+].[Na+].[Al+3].[Al+3].[Si+4].[Si+4].[Si+4].[Si+4]
9578005,6506,0,CC1=C(C=CN=C1CS(=O)C2=NC3=CC=CC=C3N2)OCC(F)(F)F,CCOC(=O)CC(CC(=O)OCC)(C(=O)OCC)O
16214875,71406,0,CN1C=NC2=C1C=C(C(=C2F)NC3=C(C=C(C=C3)Br)Cl)C(=O)NOCCO.OS(=O)(=O)O,CC1=C(C(=C(C2=C1OC(CC2)(C)CCCC(C)CCCC(C)CCCC(C)C)C)OC(=O)CCC(=O)OCCO)C
216457,11177,0,C1CN2CCC1C(C2)OC(=O)N3CCC4=CC=CC=C4C3C5=CC=CC=C5.C(CC(=O)O)C(=O)O,CCCCCCCCCCCCCCCCCC(=O)[O-].CCCCCCCCCCCCCCCCCC(=O)[O-].[Mg+2]
119607,160041,0,CC1=C(C(=NO1)C2=CC=CC=C2)C3=CC=C(C=C3)S(=O)(=O)N,C1=CC=C2C3=C4C(=CC2=C1)S(=O)(=O)C5=CC=CC(=C54)C=C3
71412,26924,0,CC(CCC1=CC=CC=C1)NCC(C2=CC(=C(C=C2)O)C(=O)N)O.Cl,O[Si](=O)[O-].O[Si](=O)[O-].[O-][Si](=O)[O-].[O-][Si](=O)[O-].[Mg+2].[Mg+2].[Mg+2]
9821849,6917,0,CC(=O)OC1CCC2(C3CCC4(C(C3CC=C2C1)CC=C4C5=CN=CC=C5)C)C,C=CN1CCCC1=O
3715,131751496,1,CC1=C(C2=C(N1C(=O)C3=CC=C(C=C3)Cl)C=CC(=C2)OC)CC(=O)O,C1CC(=O)N(C1)C(CP)P
135398508,6917,0,C=C1C(CC(C1CO)O)N2C=NC3=C2N=C(NC3=O)N,C=CN1CCCC1=O
10130337,123706,0,C1=CC=C(C=C1)CC(COC(=O)N)N,CCC(C1=C(C=C(C=C1)N(C)C)C)N
62698,516875,1,C(C1C(C(C(C(O1)OC2C(OC(C(C2O)O)OC3C(OC(C(C3O)O)O)CO)CO)O)O)O)O,[O-][Mn](=O)(=O)=O.[K+]
2723,51063134,1,CC1=CC(=CC(=C1Cl)C)O,COCC1C(C(C(C(O1)OC2C(OC(C(C2OC)OC)OC)COC)OC)OC)OC
445643,24751,0,CC1CC(C2C(CC(C(O2)(C(=O)C(=O)N3CCCCC3C(=O)OC(C(C(CC(=O)C(C=C(C1)C)CC=C)O)C)C(=CC4CCC(C(C4)OC)O)C)O)C)OC)OC,CC1CO1.C1CO1
3559,237332,1,C1CN(CCC1(C2=CC=C(C=C2)Cl)O)CCCC(=O)C3=CC=C(C=C3)F,C1=C(OC(=C1)C=O)CO
10176082,26574,1,[OH-].[OH-].[OH-].[Al+3],B([O-])([O-])[O-]
6196,11177,1,CC1=C(C(=NO1)C2=CC=CC=C2)C(=O)NC3C4N(C3=O)C(C(S4)(C)C)C(=O)O,CCCCCCCCCCCCCCCCCC(=O)[O-].CCCCCCCCCCCCCCCCCC(=O)[O-].[Mg+2]
4927,6134,1,CC(CN1C2=CC=CC=C2SC3=CC=CC=C31)N(C)C,C(C1C(C(C(C(O1)OC2C(OC(C(C2O)O)O)CO)O)O)O)O
6850754,516875,1,COC1C(C(C(OC1C(=O)O)OC2C(C(C(OC2C(=O)O)OC)O)O)O)O,[O-][Mn](=O)(=O)=O.[K+]
86472,24456,1,CC1=C(C(=C(C2=C1OC(CC2)(C)CCCC(C)CCCC(C)CCCC(C)C)C)OC(=O)C)C,[O-]P(=O)([O-])[O-].[O-]P(=O)([O-])[O-].[Ca+2].[Ca+2].[Ca+2]
2249,54670067,1,CC(C)NCC(COC1=CC=C(C=C1)CC(=O)N)O,C(C(C1C(=C(C(=O)O1)O)O)O)O
158550,26042,0,CC(C)(C)C(C(=O)NC(CC1=CC=CC=C1)C(CN(CC2=CC=C(C=C2)C3=CC=CC=N3)NC(=O)C(C(C)(C)C)NC(=O)OC)O)NC(=O)OC.OS(=O)(=O)O,O=[Ti]=O
12560,104805,1,CCC1C(C(C(C(=O)C(CC(C(C(C(C(C(=O)O1)C)OC2CC(C(C(O2)C)O)(C)OC)C)OC3C(C(CC(O3)C)N(C)C)O)(C)O)C)C)O)(C)O,O.O.OP(=O)([O-])[O-].[Ca+2]
189729,6134,1,C1CC(N(C1)C(=O)C(CCCCN)OP(=O)(CCCCC2=CC=CC=C2)O)C(=O)O,C(C1C(C(C(C(O1)OC2C(OC(C(C2O)O)O)CO)O)O)O)O
456199,24261,0,C1C(COC2=NC(=CN21)[N+](=O)[O-])OCC3=CC=C(C=C3)OC(F)(F)F,O=[Si]=O
169535,17730,0,CC1=C(C(=O)C=CO1)[O-].CC1=C(C(=O)C=CO1)[O-].CC1=C(C(=O)C=CO1)[O-].[Fe+3],C1=CC(=CC=C1N=NC2=C(C=CC3=C2C=CC(=C3)S(=O)(=O)[O-])O)S(=O)(=O)[O-].[Na+].[Na+]
4771,712,1,CC(C)(CC1=CC=CC=C1)N,C=O
5280965,11177,0,CC1C=CC=CC=CC=CC=CC=CC=CC(CC2C(C(CC(O2)(CC(CC(C(CCC(CC(CC(=O)OC(C(C1O)C)C)O)O)O)O)O)O)O)C(=O)O)OC3C(C(C(C(O3)C)O)N)O,CCCCCCCCCCCCCCCCCC(=O)[O-].CCCCCCCCCCCCCCCCCC(=O)[O-].[Mg+2]
135476717,518696,0,CCS(=O)(=O)O.CN1CCN(CC1)CC(=O)N(C)C2=CC=C(C=C2)N=C(C3=CC=CC=C3)C4=C(NC5=C4C=CC(=C5)C(=O)OC)O,O=[Fe]O[Fe]=O
4927,11177,1,CC(CN1C2=CC=CC=C2SC3=CC=CC=C31)N(C)C,CCCCCCCCCCCCCCCCCC(=O)[O-].CCCCCCCCCCCCCCCCCC(=O)[O-].[Mg+2]
446987,62551,1,CC1C(O1)P(=O)(O)O,C(COCCOCCOCCOCCO)O
91270,11177,1,CCOC(=O)C(CCC1=CC=CC=C1)NC(C)C(=O)N2CC3=CC(=C(C=C3CC2C(=O)O)OC)OC,CCCCCCCCCCCCCCCCCC(=O)[O-].CCCCCCCCCCCCCCCCCC(=O)[O-].[Mg+2]
11476460,26042,0,CN1N=C(N=N1)C2=NC=C(C=C2)C3=C(C=C(C=C3)N4CC(OC4=O)COP(=O)(O)O)F,O=[Ti]=O
445643,31404,0,CC1CC(C2C(CC(C(O2)(C(=O)C(=O)N3CCCCC3C(=O)OC(C(C(CC(=O)C(C=C(C1)C)CC=C)O)C)C(=CC4CCC(C(C4)OC)O)C)O)C)OC)OC,CC1=CC(=C(C(=C1)C(C)(C)C)O)C(C)(C)C
6474107,5997,1,CC1CCC2(C(C3C(O2)C(C4C3(CCC5C4CCC6C5(CC(C(C6)OC7C(C(C(C(O7)CO)OC8C(C(C(C(O8)CO)O)OC9C(C(C(CO9)O)O)O)OC2C(C(C(C(O2)CO)O)OC2C(C(C(C(O2)CO)O)O)O)O)O)O)O)C)C)O)C)OC1,CC(C)CCCC(C)C1CCC2C1(CCC3C2CC=C4C3(CCC(C4)O)C)C
10176082,1061,1,[OH-].[OH-].[OH-].[Al+3],[O-]P(=O)([O-])[O-]
10112,1118,1,C(=O)([O-])[O-].[Ca+2],OS(=O)(=O)O
25096873,11177,0,CN(C)C(=O)NC1CCC(CC1)CCN2CCN(CC2)C3=C(C(=CC=C3)Cl)Cl.Cl,CCCCCCCCCCCCCCCCCC(=O)[O-].CCCCCCCCCCCCCCCCCC(=O)[O-].[Mg+2]
5391,263,0,CN1C2=C(C=C(C=C2)Cl)C(=NC(C1=O)O)C3=CC=CC=C3,CCCCO
7628,14798,1,B(O)(O)O,[OH-].[Na+]
4075,11177,0,C1=CC(=C(C=C1N)C(=O)O)O,CCCCCCCCCCCCCCCCCC(=O)[O-].CCCCCCCCCCCCCCCCCC(=O)[O-].[Mg+2]
3825,174,1,CC(C1=CC(=CC=C1)C(=O)C2=CC=CC=C2)C(=O)O,C(CO)O
11990828,11199,0,CN1CCN(CC1)CCCOC2=C(C=C3C(=C2)N=CC(=C3NC4=CC(=C(C=C4Cl)Cl)OC)C#N)OC.O,C=CO
59772,23706213,0,CNS(=O)(=O)CC1=CC2=C(C=C1)NC=C2CCN(C)C.C(CC(=O)O)C(=O)O,CC(=O)[O-].C(C(C(C(C(C=O)O)O)O)O)O.[Na+]
5486971,6850749,0,CC(C)CC(CC(=O)O)CN,CC1(C2CCC(C23CC1C(=CC3O)C(=O)O)C(=O)O)CO.C(CCCC(C(CCCCCO)O)O)CCCC(=O)O
2130,1030,0,C1C2CC3CC1CC(C2)(C3)N,CC(CO)O
406563,5746,0,CC1=CC=C(C=C1)S(=O)(=O)O.CNC(=O)C1=NC=CC(=C1)OC2=CC=C(C=C2)NC(=O)NC3=CC(=C(C=C3)Cl)C(F)(F)F,CC1=C(C(=O)C2=C(C1=O)N3CC4C(C3(C2COC(=O)N)OC)N4)N
2244,11177,1,CC(=O)OC1=CC=CC=C1C(=O)O,CCCCCCCCCCCCCCCCCC(=O)[O-].CCCCCCCCCCCCCCCCCC(=O)[O-].[Mg+2]
156391,114690,1,CC(C1=CC2=C(C=C1)C=C(C=C2)OC)C(=O)O,CCCCCCCCCCCCCCCCCC(=O)O.CCCCCCCCCCCCCCCC(=O)O.C(C(CO)O)O
5491577,24261,0,C=CC1=C(N2C(C(C2=O)NC(=O)C(=NOCC(=O)O)C3=CSC(=N3)N)SC1)C(=O)O.O.O.O,O=[Si]=O
11304743,104938,0,CN(C1=C(N=C(N=C1N)C2=NN(C3=C2C=CC=N3)CC4=CC=CC=C4F)N)C(=O)OC,C(C1C(C(C(C(O1)OC2C(OC(C(C2O)O)O)CO)O)O)O)O.O
3488,11177,1,COC1=C(C=C(C=C1)Cl)C(=O)NCCC2=CC=C(C=C2)S(=O)(=O)NC(=O)NC3CCCCC3,CCCCCCCCCCCCCCCCCC(=O)[O-].CCCCCCCCCCCCCCCCCC(=O)[O-].[Mg+2]
67171867,104938,0,CC(CN1C=CC(=N1)C2=CC(=C(C=C2)C#N)Cl)NC(=O)C3=NNC(=C3)C(C)O,C(C1C(C(C(C(O1)OC2C(OC(C(C2O)O)O)CO)O)O)O)O.O
3825,6134,1,CC(C1=CC(=CC=C1)C(=O)C2=CC=CC=C2)C(=O)O,C(C1C(C(C(C(O1)OC2C(OC(C(C2O)O)O)CO)O)O)O)O
4075,311,1,C1=CC(=C(C=C1N)C(=O)O)O,C(C(=O)O)C(CC(=O)O)(C(=O)O)O
23681451,11177,1,CCC(=O)OC(C(C)C)OP(=O)(CCCCC1=CC=CC=C1)CC(=O)N2CC(CC2C(=O)[O-])C3CCCCC3.[Na+],CCCCCCCCCCCCCCCCCC(=O)[O-].CCCCCCCCCCCCCCCCCC(=O)[O-].[Mg+2]
25517,6426889,1,[NH4+].[Cl-],[O-]Cl(=O)=O.[K+]
7628,5462222,1,B(O)(O)O,[K]
189729,21862903,1,C1CC(N(C1)C(=O)C(CCCCN)OP(=O)(CCCCC2=CC=CC=C2)O)C(=O)O,O.O.[O-]P(=O)([O-])[O-].[Ca+2].[Ca+2]
6055,525,0,CC(CC1=CC=CC=C1)N.CC(CC1=CC=CC=C1)N.OS(=O)(=O)O,C(C(C(=O)O)O)C(=O)O
14986,105075,1,CC1=C(C=C2CCC(OC2=C1C)(C)CCCC(C)CCCC(C)CCCC(C)C)O,OS(=O)(=O)O.[Fe]
41684,5988,0,CC(=O)OC1=CC=CC=C1C(=O)NC2=NC=C(S2)[N+](=O)[O-],C(C1C(C(C(C(O1)OC2(C(C(C(O2)CO)O)O)CO)O)O)O)O
3033,174,0,C1=CC=C(C(=C1)CC(=O)O)NC2=C(C=CC=C2Cl)Cl,C(CO)O
9552079,133126842,1,C1=CC(=CC=C1NC(=NC(=NCCCCCCN=C(N)N=C(N)NC2=CC=C(C=C2)Cl)N)N)Cl,C1(C(C(OC(C1O)O)C(=O)[O-])O)O.[Na+]
14250,9840857,1,CCCCCCCCCCCCCC[N+](C)(C)C.[Br-],C1=CC=C(C=C1)[Hg+].[N+](=O)([O-])[O-]
44472635,6251,0,C1CC(NC1CC2=CC=C(C=C2)NC(=O)C3CCC4=NC=CC(=O)N34)C(C5=CC=CC=C5)O,C(C(C(C(C(CO)O)O)O)O)O
9552079,24470,1,C1=CC(=CC=C1NC(=NC(=NCCCCCCN=C(N)N=C(N)NC2=CC=C(C=C2)Cl)N)N)Cl,[N+](=O)([O-])[O-].[Ag+]
10174505,11177,0,CC1CCN(CC1N(C)C2=NC=NC3=C2C=CN3)C(=O)CC#N.C(C(=O)O)C(CC(=O)O)(C(=O)O)O,CCCCCCCCCCCCCCCCCC(=O)[O-].CCCCCCCCCCCCCCCCCC(=O)[O-].[Mg+2]
8753,3806114,1,CCCCCCCCCCCC[N+](C)(C)CC1=CC=CC=C1.[Cl-],C(C(C(=O)[O-])O)(C(=O)[O-])O
2345,516875,1,C1=CC=C(C=C1)COC(=O)C2=CC=CC=C2,[O-][Mn](=O)(=O)=O.[K+]
6328154,23994,1,CC(=O)O.C(C(C(C(C(C=O)O)O)O)O)O.[Na],[Zn]
1103,751,1,C(CCNCCCN)CNCCCN,C(C(C=O)O)O
10174505,26042,0,CC1CCN(CC1N(C)C2=NC=NC3=C2C=CN3)C(=O)CC#N.C(C(=O)O)C(CC(=O)O)(C(=O)O)O,O=[Ti]=O
41684,14055602,0,CC(=O)OC1=CC=CC=C1C(=O)NC2=NC=C(S2)[N+](=O)[O-],COC1C(OC(C(C1O)O)OC2C(OC(C(C2O)O)OC)CO)CO
176871,104938,0,COCCOC1=C(C=C2C(=C1)C(=NC=N2)NC3=CC=CC(=C3)C#C)OCCOC.Cl,C(C1C(C(C(C(O1)OC2C(OC(C(C2O)O)O)CO)O)O)O)O.O
6055,11177,0,CC(CC1=CC=CC=C1)N.CC(CC1=CC=CC=C1)N.OS(=O)(=O)O,CCCCCCCCCCCCCCCCCC(=O)[O-].CCCCCCCCCCCCCCCCCC(=O)[O-].[Mg+2]
8753,943,1,CCCCCCCCCCCC[N+](C)(C)CC1=CC=CC=C1.[Cl-],[N+](=O)([O-])[O-]
5833,11177,1,CC(=O)SC1CC2=CC(=O)CCC2(C3C1C4CCC5(C4(CC3)C)CCC(=O)O5)C,CCCCCCCCCCCCCCCCCC(=O)[O-].CCCCCCCCCCCCCCCCCC(=O)[O-].[Mg+2]
122201352,26924,0,CNC(=O)C1=C(C=C(C=C1)C2=NN3C(=CN=C3N=C2)CC4=CC5=C(C=C4)N=CC=C5)F.O.Cl.Cl,O[Si](=O)[O-].O[Si](=O)[O-].[O-][Si](=O)[O-].[O-][Si](=O)[O-].[Mg+2].[Mg+2].[Mg+2]
11672491,174,0,CC(C)COC1=CC=C(C=C1)CNC(=O)N(CC2=CC=C(C=C2)F)C3CCN(CC3)C.CC(C)COC1=CC=C(C=C1)CNC(=O)N(CC2=CC=C(C=C2)F)C3CCN(CC3)C.C(C(C(=O)O)O)(C(=O)O)O,C(CO)O
5717,44134661,0,CC1=CC=CC=C1S(=O)(=O)NC(=O)C2=CC(=C(C=C2)CC3=CN(C4=C3C=C(C=C4)NC(=O)OC5CCCC5)C)OC,C1C(C(OC1N2C=NC3=C(N=CN=C32)N)COP(=O)(O)OP(=O)([O-])OP(=O)(O)[O-])O.[Na+].[Na+]
60825,11177,0,C1C(OC(S1)CO)N2C=CC(=NC2=O)N,CCCCCCCCCCCCCCCCCC(=O)[O-].CCCCCCCCCCCCCCCCCC(=O)[O-].[Mg+2]
753,516875,1,C(C(CO)O)O,[O-][Mn](=O)(=O)=O.[K+]
3033,71853,1,C1=CC=C(C(=C1)CC(=O)O)NC2=C(C=CC=C2Cl)Cl,COC(=O)NC1C(C(C(OC1OC2C(OC(C(C2O)N)OC3C(OC(C(C3O)N)O)CO)CO)CO)OC4C(C(C(C(O4)CO)OC5C(C(C(C(O5)CO)OC6C(C(C(C(O6)CO)OC7C(C(C(C(O7)CO)OC8C(C(C(C(O8)CO)OC9C(C(C(C(O9)CO)O)O)N)O)N)O)N)O)N)O)N)O)N)O
753,14915,1,C(C(CO)O)O,O=[Cr](=O)=O
8753,14806,1,CCCCCCCCCCCC[N+](C)(C)CC1=CC=CC=C1.[Cl-],O=[Zn]
148195,6917,0,C1CN(CCC1CC(=O)N2CCC(CC2)C3C4=C(CCC5=C3N=CC(=C5)Br)C=C(C=C4Br)Cl)C(=O)N,C=CN1CCCC1=O
14985,27284,1,CC1=C(C2=C(CCC(O2)(C)CCCC(C)CCCC(C)CCCC(C)C)C(=C1O)C)C,[Fe+2]
156418,6917,0,CC(C1=CC=CC2=CC=CC=C21)NCCCC3=CC(=CC=C3)C(F)(F)F.Cl,C=CN1CCCC1=O
2345,24823,1,C1=CC=C(C=C1)COC(=O)C2=CC=CC=C2,[O-][O+]=O
122201352,11177,0,CNC(=O)C1=C(C=C(C=C1)C2=NN3C(=CN=C3N=C2)CC4=CC5=C(C=C4)N=CC=C5)F.O.Cl.Cl,CCCCCCCCCCCCCCCCCC(=O)[O-].CCCCCCCCCCCCCCCCCC(=O)[O-].[Mg+2]
60606,62551,1,COC(=O)C(C1=CC=CC=C1Cl)N2CCC3=C(C2)C=CS3,C(COCCOCCOCCOCCO)O
71329,11177,0,CN(CCC1=CC=C(C=C1)NS(=O)(=O)C)CCOC2=CC=C(C=C2)NS(=O)(=O)C,CCCCCCCCCCCCCCCCCC(=O)[O-].CCCCCCCCCCCCCCCCCC(=O)[O-].[Mg+2]
3957,62698,0,CCOC(=O)N1CCC(=C2C3=C(CCC4=C2N=CC=C4)C=C(C=C3)Cl)CC1,C(C1C(C(C(C(O1)OC2C(OC(C(C2O)O)OC3C(OC(C(C3O)O)O)CO)CO)O)O)O)O
25166913,14055602,0,CN1CCC(CC1C2=NC3=CC=CC=C3N2)NC(=O)NC4=CC=C(C=C4)C#N,COC1C(OC(C(C1O)O)OC2C(OC(C(C2O)O)OC)CO)CO
5281040,23706213,0,CC(C)(C1=CC=CC=C1CCC(C2=CC=CC(=C2)C=CC3=NC4=C(C=CC(=C4)Cl)C=C3)SCC5(CC5)CC(=O)O)O,CC(=O)[O-].C(C(C(C(C(C=O)O)O)O)O)O.[Na+]
11561674,56841934,0,CCOC1=C(C=CC(=C1)C(CS(=O)(=O)C)N2C(=O)C3=C(C2=O)C(=CC=C3)NC(=O)C)OC,O.O.O.[Fe].[Fe]
13144,1061,1,CC(C(=O)[O-])O.CC(C(=O)[O-])O.[Ca+2],[O-]P(=O)([O-])[O-]
9588170,6917,0,CON=C1CN(CC1CN)C2=C(C=C3C(=O)C(=CN(C3=N2)C4CC4)C(=O)O)F.CS(=O)(=O)O,C=CN1CCCC1=O
3007,6134,1,CC(CC1=CC=CC=C1)N,C(C1C(C(C(C(O1)OC2C(OC(C(C2O)O)O)CO)O)O)O)O
15606394,5281955,0,CN(C)CC=CC(=O)NC1=C(C=C2C(=C1)C(=NC=N2)NC3=CC(=C(C=C3)F)Cl)OC4CCOC4.C(=CC(=O)O)C(=O)O.C(=CC(=O)O)C(=O)O,CCCCCCCCC=CCCCCCCCC(=O)OCCOCC(C1C(C(CO1)OCCO)OCCO)OCCO
6842999,11177,0,CC1CS(=O)(=O)CCN1N=CC2=CC=C(O2)[N+](=O)[O-],CCCCCCCCCCCCCCCCCC(=O)[O-].CCCCCCCCCCCCCCCCCC(=O)[O-].[Mg+2]
24785956,11199,0,CC1=C(C(=O)N(C(=O)N1CC2=C(C=CC=C2F)C(F)(F)F)CC(C3=CC=CC=C3)NCCCC(=O)[O-])C4=C(C(=CC=C4)OC)F.[Na+],C=CO
115355,14923,0,C1CC(=O)C(C(=O)C1)C(=O)C2=C(C=C(C=C2)C(F)(F)F)[N+](=O)[O-],[NH4+].[OH-]
17747012,23706213,0,CC1=CN=C(C(=C1OC)C)CS(=O)C2=NC3=C([N-]2)C=CC(=C3)OC.CC1=CN=C(C(=C1OC)C)CS(=O)C2=NC3=C([N-]2)C=CC(=C3)OC.O.O.[Mg+2],CC(=O)[O-].C(C(C(C(C(C=O)O)O)O)O)O.[Na+]
46700777,104938,0,CCC1=C(C=CC(=C1)C(=NOCC2=CC(=C(C=C2)C3CCCCC3)C(F)(F)F)C)CN4CC(C4)C(=O)O.CCC1=C(C=CC(=C1)C(=NOCC2=CC(=C(C=C2)C3CCCCC3)C(F)(F)F)C)CN4CC(C4)C(=O)O.C(=CC(=O)O)C(=O)O,C(C1C(C(C(C(O1)OC2C(OC(C(C2O)O)O)CO)O)O)O)O.O
5280965,6049,1,CC1C=CC=CC=CC=CC=CC=CC=CC(CC2C(C(CC(O2)(CC(CC(C(CCC(CC(CC(=O)OC(C(C1O)C)C)O)O)O)O)O)O)O)C(=O)O)OC3C(C(C(C(O3)C)O)N)O,C(CN(CC(=O)O)CC(=O)O)N(CC(=O)O)CC(=O)O
6850754,24823,1,COC1C(C(C(OC1C(=O)O)OC2C(C(C(OC2C(=O)O)OC)O)O)O)O,[O-][O+]=O
66370,23663939,1,C(C1C(C(C(C(O1)O)O)O)O)O.O,CC1=C(C=CC2=C1OC(=O)C(=C2[O-])NC(=O)C3=CC(=C(C=C3)O)CC=C(C)C)OC4C(C(C(C(O4)(C)C)OC)OC(=O)N)O.[Na+]
16078,20353,1,CCCCCC1=CC(=C2C3C=C(CCC3C(OC2=C1)(C)C)C)O,CC1=C(C(=C(C2=C1OC(CC2)(C)CCCC(C)CCCC(C)CCCC(C)C)C)OC(=O)CCC(=O)O)C
14986,23954,1,CC1=C(C=C2CCC(OC2=C1C)(C)CCCC(C)CCCC(C)CCCC(C)C)O,[Ag]
71329,24261,0,CN(CCC1=CC=C(C=C1)NS(=O)(=O)C)CCOC2=CC=C(C=C2)NS(=O)(=O)C,O=[Si]=O
15951529,26042,0,CC1(C(=O)N(C(=S)N1C2=CC(=C(C=C2)C(=O)NC)F)C3=CC(=C(C=C3)C#N)C(F)(F)F)C,O=[Ti]=O
5977,72941614,1,CC(C)(C(Cl)(Cl)Cl)O,O.[O-2].[O-2].[O-2].[O-2].[O-2].[O-2].[O-2].[O-2].[O-2].[O-2].[O-2].[O-2].[Na+].[Na+].[Al+3].[Al+3].[Si+4].[Si+4].[Si+4].[Si+4]
23699544,11177,0,CCOC1=NC2=CC=CC(=C2N1CC3=CC=C(C=C3)C4=CC=CC=C4C5=NOC(=O)[N-]5)C(=O)OCC6=C(OC(=O)O6)C.[K+],CCCCCCCCCCCCCCCCCC(=O)[O-].CCCCCCCCCCCCCCCCCC(=O)[O-].[Mg+2]
62698,24823,1,C(C1C(C(C(C(O1)OC2C(OC(C(C2O)O)OC3C(OC(C(C3O)O)O)CO)CO)O)O)O)O,[O-][O+]=O
243,56841936,1,C1=CC=C(C=C1)C(=O)O,O.O.O=[Al]O[Si](=O)O[Si](=O)O[Al]=O
62882,44630049,1,CC(C)NCC(COC1=CC=CC2=CC=CC=C21)O.Cl,C1(C(C(OC(C1O)OC2C(C(C(OC2C(=O)O)OC3C(C(C(OC3C(=O)[O-])O)O)O)O)O)C(=O)[O-])O)O.[Ca+2]
23663870,14055602,1,C(CC(=O)[O-])CO.[Na+],COC1C(OC(C(C1O)O)OC2C(OC(C(C2O)O)OC)CO)CO
12560,24497,1,CCC1C(C(C(C(=O)C(CC(C(C(C(C(C(=O)O1)C)OC2CC(C(C(O2)C)O)(C)OC)C)OC3C(C(CC(O3)C)N(C)C)O)(C)O)C)C)O)(C)O,[O-]S(=O)(=O)[O-].[Ca+2]
122201352,14055602,0,CNC(=O)C1=C(C=C(C=C1)C2=NN3C(=CN=C3N=C2)CC4=CC5=C(C=C4)N=CC=C5)F.O.Cl.Cl,COC1C(OC(C(C1O)O)OC2C(OC(C(C2O)O)OC)CO)CO
59768,637511,1,CC(C)NCC(COC1=CC=C(C=C1)CCC(=O)OC)O,C1=CC=C(C=C1)C=CC=O
31239,11177,1,CCCCCCCCCCCCCCCC[N+]1=CC=CC=C1.[Cl-],CCCCCCCCCCCCCCCCCC(=O)[O-].CCCCCCCCCCCCCCCCCC(=O)[O-].[Mg+2]
2082,11177,1,CCCSC1=CC2=C(C=C1)N=C(N2)NC(=O)OC,CCCCCCCCCCCCCCCCCC(=O)[O-].CCCCCCCCCCCCCCCCCC(=O)[O-].[Mg+2]
41774,11177,1,CC1C(C(C(C(O1)OC2C(OC(C(C2O)O)OC3C(OC(C(C3O)O)O)CO)CO)O)O)NC4C=C(C(C(C4O)O)O)CO,CCCCCCCCCCCCCCCCCC(=O)[O-].CCCCCCCCCCCCCCCCCC(=O)[O-].[Mg+2]
216326,11177,0,C1CC(=O)NC(=O)C1N2CC3=C(C2=O)C=CC=C3N,CCCCCCCCCCCCCCCCCC(=O)[O-].CCCCCCCCCCCCCCCCCC(=O)[O-].[Mg+2]
637568,6506,0,COC(=O)C=CC(=O)OC,CCOC(=O)CC(CC(=O)OCC)(C(=O)OCC)O
6918427,131751496,0,CC(C)C(CC1=CC(=C(C=C1)OC)OCCCOC)CC(C(CC(C(C)C)C(=O)NCC(C)(C)C(=O)N)O)N.CC(C)C(CC1=CC(=C(C=C1)OC)OCCCOC)CC(C(CC(C(C)C)C(=O)NCC(C)(C)C(=O)N)O)N.C(=CC(=O)O)C(=O)O,C1CC(=O)N(C1)C(CP)P
9552079,24424,1,C1=CC(=CC=C1NC(=NC(=NCCCCCCN=C(N)N=C(N)NC2=CC=C(C=C2)Cl)N)N)Cl,[O-]S(=O)(=O)[O-].[Zn+2]
16214875,26042,0,CN1C=NC2=C1C=C(C(=C2F)NC3=C(C=C(C=C3)Br)Cl)C(=O)NOCCO.OS(=O)(=O)O,O=[Ti]=O
2249,57503849,1,CC(C)NCC(COC1=CC=C(C=C1)CC(=O)N)O,CC(COCC1C(C(C(C(O1)OC2C(OC(C(C2OCC(C)O)OCC(C)O)OCC(C)O)COCC(C)O)OCC(C)O)OCC(C)O)OCC(C)O)O.COCC1C(C(C(C(O1)OC2C(OC(C(C2OC)OC)OC)COC)OC)OC)OC
15951529,6328154,0,CC1(C(=O)N(C(=S)N1C2=CC(=C(C=C2)C(=O)NC)F)C3=CC(=C(C=C3)C#N)C(F)(F)F)C,CC(=O)O.C(C(C(C(C(C=O)O)O)O)O)O.[Na]
71412,11177,0,CC(CCC1=CC=CC=C1)NCC(C2=CC(=C(C=C2)O)C(=O)N)O.Cl,CCCCCCCCCCCCCCCCCC(=O)[O-].CCCCCCCCCCCCCCCCCC(=O)[O-].[Mg+2]
6249,104805,1,CC1(C(N2C(S1)C(C2=O)NC(=O)C(C3=CC=CC=C3)N)C(=O)O)C,O.O.OP(=O)([O-])[O-].[Ca+2]
3825,114690,1,CC(C1=CC(=CC=C1)C(=O)C2=CC=CC=C2)C(=O)O,CCCCCCCCCCCCCCCCCC(=O)O.CCCCCCCCCCCCCCCC(=O)O.C(C(CO)O)O
150311,11177,0,C1=CC(=CC=C1C2C(C(=O)N2C3=CC=C(C=C3)F)CCC(C4=CC=C(C=C4)F)O)O,CCCCCCCCCCCCCCCCCC(=O)[O-].CCCCCCCCCCCCCCCCCC(=O)[O-].[Mg+2]
5359227,1732,1,CN1CCC23C4C1CC5=C2C(=C(C=C5)OC)OC3C(C=C4)O.OP(=O)(O)O,CC1=C(C=CC(=C1)O)Cl
9552079,12449,1,C1=CC(=CC=C1NC(=NC(=NCCCCCCN=C(N)N=C(N)NC2=CC=C(C=C2)Cl)N)N)Cl,CCN(CC)C1=CC=C(C=C1)C(=C2C=CC(=[N+](CC)CC)C=C2)C3=CC=CC=C3.OS(=O)(=O)[O-]
8753,30165,1,CCCCCCCCCCCC[N+](C)(C)CC1=CC=CC=C1.[Cl-],[I-]
5280443,10340,1,C1=CC(=CC=C1C2=CC(=O)C3=C(C=C(C=C3O2)O)O)O,C(=O)([O-])[O-].[Na+].[Na+]
41684,26924,0,CC(=O)OC1=CC=CC=C1C(=O)NC2=NC=C(S2)[N+](=O)[O-],O[Si](=O)[O-].O[Si](=O)[O-].[O-][Si](=O)[O-].[O-][Si](=O)[O-].[Mg+2].[Mg+2].[Mg+2]
4814,6134,1,COC1=C(C=C(C=C1)C(=O)NCC2=CN=CC=C2)C(=O)NCC3=CN=CC=C3,C(C1C(C(C(C(O1)OC2C(OC(C(C2O)O)O)CO)O)O)O)O
23670359,3037558,0,CCCCCN(C)CCC(O)(P(=O)(O)O)P(=O)(O)[O-].[Na+],C(C1C(C(C(C(O1)OC(C(CO)O)C(C(C=O)O)O)O)O)O)O
5362065,6251,0,C=CC1=C(N2C(C(C2=O)NC(=O)C(=NOCC(=O)O)C3=CSC(=N3)N)SC1)C(=O)O,C(C(C(C(C(CO)O)O)O)O)O
2244,14055602,1,CC(=O)OC1=CC=CC=C1C(=O)O,COC1C(OC(C(C1O)O)OC2C(OC(C(C2O)O)OC)CO)CO
1775,56841936,1,C1=CC=C(C=C1)C2(C(=O)NC(=O)N2)C3=CC=CC=C3,O.O.O=[Al]O[Si](=O)O[Si](=O)O[Al]=O
14055602,516875,1,COC1C(OC(C(C1O)O)OC2C(OC(C(C2O)O)OC)CO)CO,[O-][Mn](=O)(=O)=O.[K+]
60606,3082248,0,COC(=O)C(C1=CC=CC=C1Cl)N2CCC3=C(C2)C=CS3,C=CN1CCCC1=O.C=CO
2249,311,1,CC(C)NCC(COC1=CC=C(C=C1)CC(=O)N)O,C(C(=O)O)C(CC(=O)O)(C(=O)O)O
15606394,11177,0,CN(C)CC=CC(=O)NC1=C(C=C2C(=C1)C(=NC=N2)NC3=CC(=C(C=C3)F)Cl)OC4CCOC4.C(=CC(=O)O)C(=O)O.C(=CC(=O)O)C(=O)O,CCCCCCCCCCCCCCCCCC(=O)[O-].CCCCCCCCCCCCCCCCCC(=O)[O-].[Mg+2]
2726,342,1,CN(C)CCCN1C2=CC=CC=C2SC3=C1C=C(C=C3)Cl,CC1=CC(=CC=C1)O
2727,3423265,1,CCCNC(=O)NS(=O)(=O)C1=CC=C(C=C1)Cl,CCCCCCCCCCCCOS(=O)(=O)[O-].[Na+]
9874560,56841934,0,CCCCC(=O)OC1CCC2C1(CCC3C2CCC4=C3C=CC(=C4)O)C.CC12CCC3=C4CCC(=O)C=C4CCC3C1CCC2(CC#N)O,O.O.O.[Fe].[Fe]
3476,26924,0,CCC1=C(CN(C1=O)C(=O)NCCC2=CC=C(C=C2)S(=O)(=O)NC(=O)NC3CCC(CC3)C)C,O[Si](=O)[O-].O[Si](=O)[O-].[O-][Si](=O)[O-].[O-][Si](=O)[O-].[Mg+2].[Mg+2].[Mg+2]
14250,807,1,CCCCCCCCCCCCCC[N+](C)(C)C.[Br-],II
3365,6134,1,C1=CC(=C(C=C1F)F)C(CN2C=NC=N2)(CN3C=NC=N3)O,C(C1C(C(C(C(O1)OC2C(OC(C(C2O)O)O)CO)O)O)O)O
14986,15908632,1,CC1=C(C=C2CCC(OC2=C1C)(C)CCCC(C)CCCC(C)CCCC(C)C)O,CC(C)(OO)OO
446987,1110,1,CC1C(O1)P(=O)(O)O,C(CC(=O)O)C(=O)O
122201352,131751496,0,CNC(=O)C1=C(C=C(C=C1)C2=NN3C(=CN=C3N=C2)CC4=CC5=C(C=C4)N=CC=C5)F.O.Cl.Cl,C1CC(=O)N(C1)C(CP)P
5479,26042,0,CCS(=O)(=O)CCN1C(=NC=C1[N+](=O)[O-])C,O=[Ti]=O
27661,139600838,1,C1C(C2C(O1)C(CO2)O[N+](=O)[O-])O,CC(=O)OCC1C(C(C(C(O1)O)OC(=O)C)O)O
3062316,11177,0,CC1=C(C(=CC=C1)Cl)NC(=O)C2=CN=C(S2)NC3=CC(=NC(=N3)C)N4CCN(CC4)CCO,CCCCCCCCCCCCCCCCCC(=O)[O-].CCCCCCCCCCCCCCCCCC(=O)[O-].[Mg+2]
11476460,11177,0,CN1N=C(N=N1)C2=NC=C(C=C2)C3=C(C=C(C=C3)N4CC(OC4=O)COP(=O)(O)O)F,CCCCCCCCCCCCCCCCCC(=O)[O-].CCCCCCCCCCCCCCCCCC(=O)[O-].[Mg+2]
91270,14792,1,CCOC(=O)C(CCC1=CC=CC=C1)NC(C)C(=O)N2CC3=CC(=C(C=C3CC2C(=O)O)OC)OC,O=[Mg]
45375808,6328154,0,CC(C)OC(=O)C(C)NP(=O)(OCC1C(C(C(O1)N2C=CC(=O)NC2=O)(C)F)O)OC3=CC=CC=C3,CC(=O)O.C(C(C(C(C(C=O)O)O)O)O)O.[Na]
3715,11177,1,CC1=C(C2=C(N1C(=O)C3=CC=C(C=C3)Cl)C=CC(=C2)OC)CC(=O)O,CCCCCCCCCCCCCCCCCC(=O)[O-].CCCCCCCCCCCCCCCCCC(=O)[O-].[Mg+2]
5391,11177,1,CN1C2=C(C=C(C=C2)Cl)C(=NC(C1=O)O)C3=CC=CC=C3,CCCCCCCCCCCCCCCCCC(=O)[O-].CCCCCCCCCCCCCCCCCC(=O)[O-].[Mg+2]
169535,131751496,0,CC1=C(C(=O)C=CO1)[O-].CC1=C(C(=O)C=CO1)[O-].CC1=C(C(=O)C=CO1)[O-].[Fe+3],C1CC(=O)N(C1)C(CP)P
5487,134601,0,C1CN=C(N1)NC2=C(C=CC3=NSN=C32)Cl,COC(=O)C(CC1=CC=CC=C1)NC(=O)C(CC(=O)O)N
8753,31348,1,CCCCCCCCCCCC[N+](C)(C)CC1=CC=CC=C1.[Cl-],C(C(=O)[O-])C(CC(=O)[O-])(C(=O)[O-])O
11304743,14055602,0,CN(C1=C(N=C(N=C1N)C2=NN(C3=C2C=CC=N3)CC4=CC=CC=C4F)N)C(=O)OC,COC1C(OC(C(C1O)O)OC2C(OC(C(C2O)O)OC)CO)CO
5288826,977,1,CN1CCC23C4C1CC5=C2C(=C(C=C5)O)OC3C(C=C4)O,O=O
6014,17730,0,CC(CN1C2=CC=CC=C2SC3=CC=CC=C31)N(C)C.Cl,C1=CC(=CC=C1N=NC2=C(C=CC3=C2C=CC(=C3)S(=O)(=O)[O-])O)S(=O)(=O)[O-].[Na+].[Na+]
9433,6134,1,CN1C2=C(C(=O)N(C1=O)C)NC=N2.CN1C2=C(C(=O)N(C1=O)C)NC=N2.C(CN)N,C(C1C(C(C(C(O1)OC2C(OC(C(C2O)O)O)CO)O)O)O)O
637568,14055602,0,COC(=O)C=CC(=O)OC,COC1C(OC(C(C1O)O)OC2C(OC(C(C2O)O)OC)CO)CO
6018,26924,0,CC(C)CC1CN2CCC3=CC(=C(C=C3C2CC1=O)OC)OC,O[Si](=O)[O-].O[Si](=O)[O-].[O-][Si](=O)[O-].[O-][Si](=O)[O-].[Mg+2].[Mg+2].[Mg+2]
119607,6134,0,CC1=C(C(=NO1)C2=CC=CC=C2)C3=CC=C(C=C3)S(=O)(=O)N,C(C1C(C(C(C(O1)OC2C(OC(C(C2O)O)O)CO)O)O)O)O
11167602,23320441,0,CNC(=O)C1=NC=CC(=C1)OC2=CC(=C(C=C2)NC(=O)NC3=CC(=C(C=C3)Cl)C(F)(F)F)F,O.[OH-].[O-2].[Fe+3]
41684,135436515,0,CC(=O)OC1=CC=CC=C1C(=O)NC2=NC=C(S2)[N+](=O)[O-],C1=CC2=C(C=C1S(=O)(=O)O)C(=C(N2)C3=NC4=C(C3=O)C=C(C=C4)S(=O)(=O)O)O.[Na+]
67517580,56841934,0,CC1=CN=C(N=C1NC2=CC(=CC=C2)S(=O)(=O)NC(C)(C)C)NC3=CC=C(C=C3)OCCN4CCCC4.O.Cl.Cl,O.O.O.[Fe].[Fe]
181458,6328154,0,CC12CC3CC(C1)(CC(C3)(C2)N)C.Cl,CC(=O)O.C(C(C(C(C(C=O)O)O)O)O)O.[Na]
5639,16211032,0,CN1C(=CC(=O)N(C1=O)C)NCCCN2CCN(CC2)C3=CC=CC=C3OC,C(C1C(C(C(C(O1)OC2C(OC(C(C2O)O)O)CO)O)O)O)O
66860907,6251,0,CC1=CC(=C(C=C1)SC2=CC=CC=C2N3CCNCC3)C.Cl,C(C(C(C(C(CO)O)O)O)O)O
31239,51063134,1,CCCCCCCCCCCCCCCC[N+]1=CC=CC=C1.[Cl-],COCC1C(C(C(C(O1)OC2C(OC(C(C2OC)OC)OC)COC)OC)OC)OC
5280443,11177,1,C1=CC(=CC=C1C2=CC(=O)C3=C(C=C(C=C3O2)O)O)O,CCCCCCCCCCCCCCCCCC(=O)[O-].CCCCCCCCCCCCCCCCCC(=O)[O-].[Mg+2]
30667,6917,0,CC(C1=NCCN1)OC2=C(C=CC=C2Cl)Cl.Cl,C=CN1CCCC1=O
3386,6134,1,CNCCC(C1=CC=CC=C1)OC2=CC=C(C=C2)C(F)(F)F,C(C1C(C(C(C(O1)OC2C(OC(C(C2O)O)O)CO)O)O)O)O
2727,11177,1,CCCNC(=O)NS(=O)(=O)C1=CC=C(C=C1)Cl,CCCCCCCCCCCCCCCCCC(=O)[O-].CCCCCCCCCCCCCCCCCC(=O)[O-].[Mg+2]
11363176,6328154,0,CCCN=C1N(C(=O)C(=CC2=CC(=C(C=C2)OCC(CO)O)Cl)S1)C3=CC=CC=C3C,CC(=O)O.C(C(C(C(C(C=O)O)O)O)O)O.[Na]
1349907,26924,0,CN1C=CNC1=S,O[Si](=O)[O-].O[Si](=O)[O-].[O-][Si](=O)[O-].[O-][Si](=O)[O-].[Mg+2].[Mg+2].[Mg+2]
208902,6850749,0,CCC(=O)NCCC1CCC2=C1C3=C(C=C2)OCC3,CC1(C2CCC(C23CC1C(=CC3O)C(=O)O)C(=O)O)CO.C(CCCC(C(CCCCCO)O)O)CCCC(=O)O
3825,131751496,1,CC(C1=CC(=CC=C1)C(=O)C2=CC=CC=C2)C(=O)O,C1CC(=O)N(C1)C(CP)P
12560,6251,1,CCC1C(C(C(C(=O)C(CC(C(C(C(C(C(=O)O1)C)OC2CC(C(C(O2)C)O)(C)OC)C)OC3C(C(CC(O3)C)N(C)C)O)(C)O)C)C)O)(C)O,C(C(C(C(C(CO)O)O)O)O)O
14250,14798,1,CCCCCCCCCCCCCC[N+](C)(C)C.[Br-],[OH-].[Na+]
118023034,263,0,CC(C1=CC=C(C=C1)F)(C2=CN=C(N=C2)N3CCN(CC3)C4=NC=NN5C4=CC(=C5)C6=CN(N=C6)C)N,CCCCO
441300,24751,0,C1CC1NC2=C3C(=NC(=N2)N)N(C=N3)C4CC(C=C4)CO,CC1CO1.C1CO1
493570,155491311,1,CC1=CC2=C(C=C1C)N(C3=NC(=O)NC(=O)C3=N2)CC(C(C(CO)O)O)O,O.O.O.O.[OH-].[O-2].[O-2].[O-2].[O-2].[O-2].[O-2].[O-2].[O-2].[O-2].[O-2].[Mg+2].[Al+3].[Si].[Si].[Si].[Si]
2249,6932,1,CC(C)NCC(COC1=CC=C(C=C1)CC(=O)N)O,CC(C)(C)C1=C(C=CC(=C1)O)OC
4927,6251,1,CC(CN1C2=CC=CC=C2SC3=CC=CC=C31)N(C)C,C(C(C(C(C(CO)O)O)O)O)O
59768,6255,1,CC(C)NCC(COC1=CC=C(C=C1)CCC(=O)OC)O,C(C1C(C(C(C(O1)OC2C(OC(C(C2O)O)O)CO)O)O)O)O
23670359,26042,0,CCCCCN(C)CCC(O)(P(=O)(O)O)P(=O)(O)[O-].[Na+],O=[Ti]=O
5340,131751496,1,C1=CC(=CC=C1N)S(=O)(=O)NC2=NC=CS2,C1CC(=O)N(C1)C(CP)P
5018304,11177,1,C1=CC=C(C(=C1)CC(=O)[O-])NC2=C(C=CC=C2Cl)Cl.[Na+],CCCCCCCCCCCCCCCCCC(=O)[O-].CCCCCCCCCCCCCCCCCC(=O)[O-].[Mg+2]
11001318,31404,0,C1=CC2=C(C=C1C(=O)O)OC(=N2)C3=CC(=CC(=C3)Cl)Cl,CC1=CC(=C(C(=C1)C(C)(C)C)O)C(C)(C)C
3059,104931,1,C1=CC(=C(C=C1C2=C(C=C(C=C2)F)F)C(=O)O)O,CCOC(=O)C=C.CC(=C)C(=O)OC.CC(=C)C(=O)OCC[N+](C)(C)C.[Cl-]
66370,5311498,1,C(C1C(C(C(C(O1)O)O)O)O)O.O,CC1=CC2=C(C=C1C)N(C=N2)C3C(C(C(O3)CO)OP(=O)([O-])OC(C)CNC(=O)CCC4(C(C5C6(C(C(C(=C(C7=NC(=CC8=NC(=C(C4=N5)C)C(C8(C)C)CCC(=O)N)C(C7(C)CC(=O)N)CCC(=O)N)C)[N-]6)CCC(=O)N)(C)CC(=O)N)C)CC(=O)N)C)O.[C-]#N.[Co+3]
2345,14798,1,C1=CC=C(C=C1)COC(=O)C2=CC=CC=C2,[OH-].[Na+]
154256,872,0,CC1=C(N(C2=C1C=C(C=C2)O)CC3=CC=C(C=C3)OCCN4CCCCCC4)C5=CC=C(C=C5)O.CC(=O)O,C(C1C(C(C(C(O1)OCC2C(C(C(C(O2)O)O)O)O)O)O)O)O
71329,14055602,0,CN(CCC1=CC=C(C=C1)NS(=O)(=O)C)CCOC2=CC=C(C=C2)NS(=O)(=O)C,COC1C(OC(C(C1O)O)OC2C(OC(C(C2O)O)OC)CO)CO
2450,24477,1,C(C(CO)([N+](=O)[O-])Br)O,[O-]S(=O)(=S)[O-].[Na+].[Na+]
2130,3705,0,C1C2CC3CC1CC(C2)(C3)N,C1=CC2=C(C=C1S(=O)(=O)O)C(=C(N2)C3=NC4=C(C3=O)C=C(C=C4)S(=O)(=O)O)O
216457,24832095,0,C1CN2CCC1C(C2)OC(=O)N3CCC4=CC=CC=C4C3C5=CC=CC=C5.C(CC(=O)O)C(=O)O,CC(COCC1C(C(C(C(O1)OC)OCC(C)O)OCC(C)O)OC2C(C(C(C(O2)COC)OC3C(C(C(C(O3)CO)OC)O)O)OC)OC)O
6321416,16211032,0,CC(OC(=O)C)OC(=O)C1=C(CSC2N1C(=O)C2NC(=O)C(=NOC)C3=CC=CO3)COC(=O)N,C(C1C(C(C(C(O1)OC2C(OC(C(C2O)O)O)CO)O)O)O)O
6249,56841936,1,CC1(C(N2C(S1)C(C2=O)NC(=O)C(C3=CC=CC=C3)N)C(=O)O)C,O.O.O=[Al]O[Si](=O)O[Si](=O)O[Al]=O
2244,104805,1,CC(=O)OC1=CC=CC=C1C(=O)O,O.O.OP(=O)([O-])[O-].[Ca+2]
446987,23673837,1,CC1C(O1)P(=O)(O)O,CCCCC(CC)COC(=O)CC(C(=O)OCC(CC)CCCC)S(=O)(=O)[O-].[Na+]
656631,5541,0,CN1CCCC1CC2=CNC3=C2C=C(C=C3)CCS(=O)(=O)C4=CC=CC=C4.Br,CC(=O)OCC(COC(=O)C)OC(=O)C
14985,29936,1,CC1=C(C2=C(CCC(O2)(C)CCCC(C)CCCC(C)CCCC(C)C)C(=C1O)C)C,[Fe+3]
3559,131751496,1,C1CN(CCC1(C2=CC=C(C=C2)Cl)O)CCCC(=O)C3=CC=C(C=C3)F,C1CC(=O)N(C1)C(CP)P
5391,21862903,1,CN1C2=C(C=C(C=C2)Cl)C(=NC(C1=O)O)C3=CC=CC=C3,O.O.[O-]P(=O)([O-])[O-].[Ca+2].[Ca+2]
66558664,174,0,CCN(C1CCOCC1)C2=CC(=CC(=C2C)C(=O)NCC3=C(C=C(NC3=O)C)C)C4=CC=C(C=C4)CN5CCOCC5,C(CO)O
66370,16204922,1,C(C1C(C(C(C(O1)O)O)O)O)O.O,CC(=O)CC(C1=CC=CC=C1)C2=C(C3=CC=CC=C3OC2=O)[O-].[Na+]
163701,24441,0,CCN(CC)C(=O)C1(CC1CN)C2=CC=CC=C2.Cl,OP(=O)([O-])[O-].[Ca+2]
24812758,11199,0,CC1=C(C=C(C=C1)C2C(C(C(C(O2)CO)O)O)O)CC3=CC=C(S3)C4=CC=C(C=C4)F,C=CO
2083,24441,0,CC(C)(C)NCC(C1=CC(=C(C=C1)O)CO)O,OP(=O)([O-])[O-].[Ca+2]
11363176,24261,0,CCCN=C1N(C(=O)C(=CC2=CC(=C(C=C2)OCC(CO)O)Cl)S1)C3=CC=CC=C3C,O=[Si]=O
169535,1030,0,CC1=C(C(=O)C=CO1)[O-].CC1=C(C(=O)C=CO1)[O-].CC1=C(C(=O)C=CO1)[O-].[Fe+3],CC(CO)O
119607,6251,0,CC1=C(C(=NO1)C2=CC=CC=C2)C3=CC=C(C=C3)S(=O)(=O)N,C(C(C(C(C(CO)O)O)O)O)O
110635,26042,0,CN1CC(=O)N2C(C1=O)CC3=C(C2C4=CC5=C(C=C4)OCO5)NC6=CC=CC=C36,O=[Ti]=O
3957,3776,0,CCOC(=O)N1CCC(=C2C3=C(CCC4=C2N=CC=C4)C=C(C=C3)Cl)CC1,CC(C)O
10174505,16211978,0,CC1CCN(CC1N(C)C2=NC=NC3=C2C=CN3)C(=O)CC#N.C(C(=O)O)C(CC(=O)O)(C(=O)O)O,O=[Fe].O=[Fe]O[Fe]=O
5288227,6134,1,C(=CC(=O)[O-])C(=O)[O-],C(C1C(C(C(C(O1)OC2C(OC(C(C2O)O)O)CO)O)O)O)O
9552079,712,1,C1=CC(=CC=C1NC(=NC(=NCCCCCCN=C(N)N=C(N)NC2=CC=C(C=C2)Cl)N)N)Cl,C=O
2450,656671,1,C(C(CO)([N+](=O)[O-])Br)O,[O-]S(=O)S(=O)(=O)[O-].[Na+].[Na+]
8753,24832095,1,CCCCCCCCCCCC[N+](C)(C)CC1=CC=CC=C1.[Cl-],CC(COCC1C(C(C(C(O1)OC)OCC(C)O)OCC(C)O)OC2C(C(C(C(O2)COC)OC3C(C(C(C(O3)CO)OC)O)O)OC)OC)O
74990,14792,1,CCC1=C2CN3C(=CC4=C(C3=O)COC(=O)C4(CC)O)C2=NC5=C1C=C(C=C5)OC(=O)N6CCC(CC6)N7CCCCC7.Cl,O=[Mg]
3715,24497,1,CC1=C(C2=C(N1C(=O)C3=CC=C(C=C3)Cl)C=CC(=C2)OC)CC(=O)O,[O-]S(=O)(=O)[O-].[Ca+2]
2249,4327536,1,CC(C)NCC(COC1=CC=C(C=C1)CC(=O)N)O,CC(COCC1C(C(C(C(O1)OC2C(OC(C(C2OCC(C)O)OCC(C)O)OCC(C)O)COCC(C)O)OCC(C)O)OCC(C)O)OCC(C)O)O
2345,14797,1,C1=CC=C(C=C1)COC(=O)C2=CC=CC=C2,[OH-].[K+]
14985,27099,1,CC1=C(C2=C(CCC(O2)(C)CCCC(C)CCCC(C)CCCC(C)C)C(=C1O)C)C,[Cu+2]
5281792,6328154,1,C1=CC(=C(C=C1CC(C(=O)O)OC(=O)C=CC2=CC(=C(C=C2)O)O)O)O,CC(=O)O.C(C(C(C(C(C=O)O)O)O)O)O.[Na] 
4908,6134,1,CC(CCCN)NC1=C2C(=CC(=C1)OC)C=CC=N2,C(C1C(C(C(C(O1)OC2C(OC(C(C2O)O)O)CO)O)O)O)O
10176082,19660,1,[OH-].[OH-].[OH-].[Al+3],C(=O)([O-])[O-]
129893883,25517,1,CC1(C2=CC=CC=C2[N+](=C1C=CC3=C(C(=CC=C4C(C5=CC=CC=C5N4C)(C)C)CCC3)C6=CC=CC=C6)C)C.OCl(=O)(=O)=O,[NH4+].[Cl-]
25517,22985,1,[NH4+].[Cl-],[NH4+].[N+](=O)([O-])[O-]
6249,24497,1,CC1(C(N2C(S1)C(C2=O)NC(=O)C(C3=CC=CC=C3)N)C(=O)O)C,[O-]S(=O)(=O)[O-].[Ca+2]
2244,24497,1,CC(=O)OC1=CC=CC=C1C(=O)O,[O-]S(=O)(=O)[O-].[Ca+2]
11001318,3776,0,C1=CC2=C(C=C1C(=O)O)OC(=N2)C3=CC(=CC(=C3)Cl)Cl,CC(C)O
11363176,104938,0,CCCN=C1N(C(=O)C(=CC2=CC(=C(C=C2)OCC(CO)O)Cl)S1)C3=CC=CC=C3C,C(C1C(C(C(C(O1)OC2C(OC(C(C2O)O)O)CO)O)O)O)O.O
2450,5460613,1,C(C(CO)([N+](=O)[O-])Br)O,[SH]
17397714,26042,0,COC1=CC=CC=C1CNC(=O)C2=NOC(=C2)C3=CC=CC=C3,O=[Ti]=O
31239,24823,1,CCCCCCCCCCCCCCCC[N+]1=CC=CC=C1.[Cl-],[O-][O+]=O
5391,114690,1,CN1C2=C(C=C(C=C2)Cl)C(=NC(C1=O)O)C3=CC=CC=C3,CCCCCCCCCCCCCCCCCC(=O)O.CCCCCCCCCCCCCCCC(=O)O.C(C(CO)O)O
23663870,23706213,0,C(CC(=O)[O-])CO.[Na+],CC(=O)[O-].C(C(C(C(C(C=O)O)O)O)O)O.[Na+]
5750,62698,0,CCOC(=O)C1(CCN(CC1)C)C2=CC=CC=C2.Cl,C(C1C(C(C(C(O1)OC2C(OC(C(C2O)O)OC3C(OC(C(C3O)O)O)CO)CO)O)O)O)O
10348973,26042,0,CN(C)CC1=C(SC2=C1C(=O)N(C(=O)N2CC3=C(C=CC=C3F)F)C4=NN=C(C=C4)OC)C5=CC=C(C=C5)NC(=O)NOC,O=[Ti]=O
58557659,6251,0,CCC1CN(CC1C2=CN=C3N2C4=C(NC=C4)N=C3)C(=O)NCC(F)(F)F,C(C(C(C(C(CO)O)O)O)O)O
148195,26042,0,C1CN(CCC1CC(=O)N2CCC(CC2)C3C4=C(CCC5=C3N=CC(=C5)Br)C=C(C=C4Br)Cl)C(=O)N,O=[Ti]=O
2249,131751496,1,CC(C)NCC(COC1=CC=C(C=C1)CC(=O)N)O,C1CC(=O)N(C1)C(CP)P
11001318,174,0,C1=CC2=C(C=C1C(=O)O)OC(=N2)C3=CC(=CC(=C3)Cl)Cl,C(CO)O
5833,517055,1,CC(=O)SC1CC2=CC(=O)CCC2(C3C1C4CCC5(C4(CC3)C)CCC(=O)O5)C,C1=CC=C(C=C1)C(=O)[O-].[Na+]
67171867,11177,0,CC(CN1C=CC(=N1)C2=CC(=C(C=C2)C#N)Cl)NC(=O)C3=NNC(=C3)C(C)O,CCCCCCCCCCCCCCCCCC(=O)[O-].CCCCCCCCCCCCCCCCCC(=O)[O-].[Mg+2]
135476717,6438359,0,CCS(=O)(=O)O.CN1CCN(CC1)CC(=O)N(C)C2=CC=C(C=C2)N=C(C3=CC=CC=C3)C4=C(NC5=C4C=CC(=C5)C(=O)OC)O,CCCCCCCCCCCCCCCC(=O)OCC(COP(=O)([O-])OCC[N+](C)(C)C)OC(=O)CCCCCCCC=CCC=CCCCCC
5977,5311266,1,CC(C)(C(Cl)(Cl)Cl)O,[O-][Si](=O)O[Si]([O-])([O-])O[Si](=O)[O-].[Mg+2].[Mg+2]
3825,985,1,CC(C1=CC(=CC=C1)C(=O)C2=CC=CC=C2)C(=O)O,CCCCCCCCCCCCCCCC(=O)O
11250029,26042,0,CC1=CC(=CC(=C1CC(C(=O)N(CC2=CC(=C(C=C2)OC)C(=O)O)C(C)C3=NC=C(N3)C4=CC=CC=C4)N)C)C(=O)N,O=[Ti]=O
55891,11177,1,CCC(=O)OC(C(C)C)OP(=O)(CCCCC1=CC=CC=C1)CC(=O)N2CC(CC2C(=O)O)C3CCCCC3,CCCCCCCCCCCCCCCCCC(=O)[O-].CCCCCCCCCCCCCCCCCC(=O)[O-].[Mg+2]
17397714,24261,0,COC1=CC=CC=C1CNC(=O)C2=NOC(=C2)C3=CC=CC=C3,O=[Si]=O
8753,5359268,1,CCCCCCCCCCCC[N+](C)(C)CC1=CC=CC=C1.[Cl-],[Al]
5311454,6917,0,CC(C)(C)C(C=CC1=CC2=C(C=C1)OCO2)O,C=CN1CCCC1=O
68704,11177,1,CC(C)CC1=CC=C(C=C1)C(C)C(=O)NO,CCCCCCCCCCCCCCCCCC(=O)[O-].CCCCCCCCCCCCCCCCCC(=O)[O-].[Mg+2]
14055602,24823,1,COC1C(OC(C(C1O)O)OC2C(OC(C(C2O)O)OC)CO)CO,[O-][O+]=O
46700777,26042,0,CCC1=C(C=CC(=C1)C(=NOCC2=CC(=C(C=C2)C3CCCCC3)C(F)(F)F)C)CN4CC(C4)C(=O)O.CCC1=C(C=CC(=C1)C(=NOCC2=CC(=C(C=C2)C3CCCCC3)C(F)(F)F)C)CN4CC(C4)C(=O)O.C(=CC(=O)O)C(=O)O,O=[Ti]=O
25517,1118,1,[NH4+].[Cl-],OS(=O)(=O)O
9552079,10608,1,C1=CC(=CC=C1NC(=NC(=NCCCCCCN=C(N)N=C(N)NC2=CC=C(C=C2)Cl)N)N)Cl,C1=CC=C(C(=C1)C2=C3C=CC(=O)C=C3OC4=C2C=CC(=C4)[O-])C(=O)[O-].[Na+].[Na+]
60606,11177,1,COC(=O)C(C1=CC=CC=C1Cl)N2CCC3=C(C2)C=CS3,CCCCCCCCCCCCCCCCCC(=O)[O-].CCCCCCCCCCCCCCCCCC(=O)[O-].[Mg+2]
3825,14055602,1,CC(C1=CC(=CC=C1)C(=O)C2=CC=CC=C2)C(=O)O,COC1C(OC(C(C1O)O)OC2C(OC(C(C2O)O)OC)CO)CO
3476,6917,0,CCC1=C(CN(C1=O)C(=O)NCCC2=CC=C(C=C2)S(=O)(=O)NC(=O)NC3CCC(CC3)C)C,C=CN1CCCC1=O
24821094,26042,0,C=CC(=O)N1CCCC(C1)N2C3=NC=NC(=C3C(=N2)C4=CC=C(C=C4)OC5=CC=CC=C5)N,O=[Ti]=O
23725423,6251,0,CC1=C(C2=CC=CC=C2N1)CCNCC3=CC=C(C=C3)C=CC(=O)NO.CC(C(=O)O)O,C(C(C(C(C(CO)O)O)O)O)O
163761,14055602,0,CC1=CC(=NC2=C1C(=C(C=C2NC(C)CCCN)OC)OC3=CC=CC(=C3)C(F)(F)F)OC.C(CC(=O)O)C(=O)O,COC1C(OC(C(C1O)O)OC2C(OC(C(C2O)O)OC)CO)CO
54675850,8753,1,C1=CC=C(C(=C1)C(=O)O)[O-],CCCCCCCCCCCC[N+](C)(C)CC1=CC=CC=C1.[Cl-]
62937,14797,0,CC(C)NCC(COC1=CC=C(C=C1)CCOC)O.CC(C)NCC(COC1=CC=C(C=C1)CCOC)O.C(CC(=O)O)C(=O)O,[OH-].[K+]
5486971,14797,0,CC(C)CC(CC(=O)O)CN,[OH-].[K+]
5281040,134601,0,CC(C)(C1=CC=CC=C1CCC(C2=CC=CC(=C2)C=CC3=NC4=C(C=CC(=C4)Cl)C=C3)SCC5(CC5)CC(=O)O)O,COC(=O)C(CC1=CC=CC=C1)NC(=O)C(CC(=O)O)N
3883,24261,0,CC1=C(C=CN=C1CS(=O)C2=NC3=CC=CC=C3N2)OCC(F)(F)F,O=[Si]=O
5280443,14778,1,C1=CC(=CC=C1C2=CC(=O)C3=C(C=C(C=C3O2)O)O)O,O=[Ca]
3715,5281,1,CC1=C(C2=C(N1C(=O)C3=CC=C(C=C3)Cl)C=CC(=C2)OC)CC(=O)O,CCCCCCCCCCCCCCCCCC(=O)O
4908,11177,1,CC(CCCN)NC1=C2C(=CC(=C1)OC)C=CC=N2,CCCCCCCCCCCCCCCCCC(=O)[O-].CCCCCCCCCCCCCCCCCC(=O)[O-].[Mg+2]
447043,131750926,0,CCC1C(C(C(N(CC(CC(C(C(C(C(C(=O)O1)C)OC2CC(C(C(O2)C)O)(C)OC)C)OC3C(C(CC(O3)C)N(C)C)O)(C)O)C)C)C)O)(C)O,CC(=O)OCC1C(C(C(C(O1)OC2C(C(OC(C2OC3C(C(C(C(O3)CO)OP)O)O)CO)CP)O)OC4C(C(C(C(O4)C(=O)O)OC5C(C(C6C(O5)COC(O6)(C)C(=O)O)O)O)O)O)O)O
47576,24261,1,CC(=O)N1CCN(CC1)C2=CC=C(C=C2)OCC3COC(O3)(CN4C=CN=C4)C5=C(C=C(C=C5)Cl)Cl,O=[Si]=O
121494085,6635,0,C(C1C(C(C(C(O1)OC2(C(C(C(O2)COS(=O)(=O)O[Al])OS(=O)(=O)O[Al])OS(=O)(=O)O[Al])COS(=O)(=O)O[Al])OS(=O)(=O)O[Al])OS(=O)(=O)O[Al])OS(=O)(=O)O[Al])OS(=O)(=O)O[Al].O.O.O.O.O.O.O.O.O.O.O.O.O.O.O.O.O.O.O.O.[Al],C1=CC(=CC=C1OS(=O)(=O)C2=CC=C(C=C2)Cl)Cl
8753,24424,1,CCCCCCCCCCCC[N+](C)(C)CC1=CC=CC=C1.[Cl-],[O-]S(=O)(=O)[O-].[Zn+2]
243,14798,1,C1=CC=C(C=C1)C(=O)O,[OH-].[Na+]
14250,72941614,1,CCCCCCCCCCCCCC[N+](C)(C)C.[Br-],O.[O-2].[O-2].[O-2].[O-2].[O-2].[O-2].[O-2].[O-2].[O-2].[O-2].[O-2].[O-2].[Na+].[Na+].[Al+3].[Al+3].[Si+4].[Si+4].[Si+4].[Si+4]
5280443,11029,1,C1=CC(=CC=C1C2=CC(=O)C3=C(C=C(C=C3O2)O)O)O,C(=O)([O-])[O-].[Mg+2]
5391,131751496,1,CN1C2=C(C=C(C=C2)Cl)C(=NC(C1=O)O)C3=CC=CC=C3,C1CC(=O)N(C1)C(CP)P
31239,516875,1,CCCCCCCCCCCCCCCC[N+]1=CC=CC=C1.[Cl-],[O-][Mn](=O)(=O)=O.[K+]
46892186,123706,0,CC1=NN(C=N1)C2=NC=C(C3=C2N(C=C3C(=O)C(=O)N4CCN(CC4)C(=O)C5=CC=CC=C5)COP(=O)(O)O)OC.C(C(CO)(CO)N)O,CCC(C1=C(C=C(C=C1)N(C)C)C)N
11476460,445709,0,CN1N=C(N=N1)C2=NC=C(C=C2)C3=C(C=C(C=C3)N4CC(OC4=O)COP(=O)(O)O)F,O.O.O.[Fe]
67505836,26042,0,CC(C)C(C(=O)N1CC2(CC2)CC1C3=NC=C(N3)C4=CC5=C(C=C4)C6=C(C5(F)F)C=C(C=C6)C7=CC8=C(C=C7)N=C(N8)C9C1CCC(C1)N9C(=O)C(C(C)C)NC(=O)OC)NC(=O)OC,O=[Ti]=O
6850754,1118,1,COC1C(C(C(OC1C(=O)O)OC2C(C(C(OC2C(=O)O)OC)O)O)O)O,OS(=O)(=O)O
12035,71485,0,CC(=O)NC(CS)C(=O)O,C(C1C(C(C(C(O1)OC2(C(C(C(O2)CCl)O)O)CCl)O)O)Cl)O
11363176,26042,0,CCCN=C1N(C(=O)C(=CC2=CC(=C(C=C2)OCC(CO)O)Cl)S1)C3=CC=CC=C3C,O=[Ti]=O
84724,8753,1,C1(=NN=C(S1)S(=O)(=O)N)N,CCCCCCCCCCCC[N+](C)(C)CC1=CC=CC=C1.[Cl-]
2450,5359268,1,C(C(CO)([N+](=O)[O-])Br)O,[Al]
456199,11177,0,C1C(COC2=NC(=CN21)[N+](=O)[O-])OCC3=CC=C(C=C3)OC(F)(F)F,CCCCCCCCCCCCCCCCCC(=O)[O-].CCCCCCCCCCCCCCCCCC(=O)[O-].[Mg+2]
135398513,6134,1,C1=NC2=C(N1COCCO)N=C(NC2=O)N,C(C1C(C(C(C(O1)OC2C(OC(C(C2O)O)O)CO)O)O)O)O
9800068,26042,0,CN(C)CC(C1=CC=C(C=C1)O)C2(CCCCC2)O.C(CC(=O)O)C(=O)O,O=[Ti]=O
23699544,14798,0,CCOC1=NC2=CC=CC(=C2N1CC3=CC=C(C=C3)C4=CC=CC=C4C5=NOC(=O)[N-]5)C(=O)OCC6=C(OC(=O)O6)C.[K+],[OH-].[Na+]
11476460,131751496,0,CN1N=C(N=N1)C2=NC=C(C=C2)C3=C(C=C(C=C3)N4CC(OC4=O)COP(=O)(O)O)F,C1CC(=O)N(C1)C(CP)P
44232548,445709,0,CC(C)C1=NC(=CS1)CN(C)C(=O)NC(CCN2CCOCC2)C(=O)NC(CCC(CC3=CC=CC=C3)NC(=O)OCC4=CN=CS4)CC5=CC=CC=C5.CC(C)C(CO)N1C=C(C(=O)C2=C1C=C(C(=C2)CC3=C(C(=CC=C3)Cl)F)OC)C(=O)O.CC(C)OC(=O)OCOP(=O)(COC(C)CN1C=NC2=C(N=CN=C21)N)OCOC(=O)OC(C)C.C1C(OC(S1)CO)N2C=C(C(=NC2=O)N)F.C(=CC(=O)O)C(=O)O,O.O.O.[Fe]
6917,996,1,C=CN1CCCC1=O,C1=CC=C(C=C1)O
5281792,11177,1,C1=CC(=C(C=C1CC(C(=O)O)OC(=O)C=CC2=CC(=C(C=C2)O)O)O)O,CCCCCCCCCCCCCCCCCC(=O)[O-].CCCCCCCCCCCCCCCCCC(=O)[O-].[Mg+2]
11597697,6328154,0,CC(CC1=CC=CC=C1)NC(=O)C(CCCCN)N.CS(=O)(=O)O.CS(=O)(=O)O,CC(=O)O.C(C(C(C(C(C=O)O)O)O)O)O.[Na]
