API_CID,MolWt,MolLogP,TPSA,NumHDonors,NumHAcceptors,NumRotatableBonds,NumAromaticRings,RingCount,FractionCSP3,HeavyAtomCount,fr_NH2,fr_NH1,fr_ester,fr_amide,fr_aldehyde,fr_ketone,fr_phenol,fr_ether,fr_epoxide,fr_halogen,fr_COO
196,146.142,0.716,74.6,2,2,5,0,0,0.6666666666666666,10,0,0,0,0,0,0,0,0,0,0,2
243,122.12299999999996,1.3848,37.3,1,1,1,1,1,0.0,9,0,0,0,0,0,0,0,0,0,0,1
244,108.13999999999997,1.1788999999999998,20.23,1,1,1,1,1,0.14285714285714285,8,0,0,0,0,0,0,0,0,0,0,0
305,104.17299999999999,-0.3150999999999999,20.23,1,1,2,0,0,1.0,7,0,0,0,0,0,0,0,0,0,0,0
753,92.09399999999998,-1.6681000000000001,60.69,3,3,2,0,0,1.0,6,0,0,0,0,0,0,0,0,0,0,0
1103,202.34599999999998,-0.35659999999999753,76.1,4,4,11,0,0,1.0,14,2,2,0,0,0,0,0,0,0,0,0
1727,94.117,0.6638000000000001,38.91,1,2,0,1,1,0.0,7,1,0,0,0,0,0,0,0,0,0,0
1775,252.273,1.7696,58.2,2,2,2,2,3,0.06666666666666667,19,0,2,0,3,0,0,0,0,0,0,0
1983,151.165,1.3505999999999998,49.33,2,2,1,1,1,0.125,11,0,1,0,1,0,0,1,0,0,0,0
2082,265.338,3.2433000000000005,67.01,2,4,4,2,2,0.3333333333333333,18,0,2,0,1,0,0,0,1,0,0,0
2083,239.315,1.3059999999999998,72.72,4,4,4,1,1,0.5384615384615384,17,0,1,0,0,0,0,1,0,0,0,0
2130,151.253,1.9139000000000002,26.02,1,1,0,0,4,1.0,11,1,0,0,0,0,0,0,0,0,0,0
2132,378.108,3.186900000000001,58.28,3,3,3,1,2,0.5384615384615384,18,1,1,0,0,0,0,0,0,0,2,0
2162,408.88200000000035,2.2663,99.88,2,7,8,1,2,0.4,28,1,1,2,0,0,0,0,3,0,1,0
2244,180.15899999999996,1.3101,63.60000000000001,1,3,2,1,1,0.1111111111111111,13,0,0,1,0,0,0,0,1,0,0,1
2249,266.34099999999995,0.4521,84.58,3,4,8,1,1,0.5,19,1,1,0,1,0,0,0,1,0,0,0
2284,213.66399999999996,1.8569999999999995,63.31999999999999,2,2,4,1,1,0.3,14,1,0,0,0,0,0,0,0,0,1,1
2345,212.248,3.0436000000000014,26.3,0,2,3,2,2,0.07142857142857142,16,0,0,1,0,0,0,0,1,0,0,0
2369,307.434,2.393400000000001,50.72,2,4,11,1,2,0.6666666666666666,22,0,1,0,0,0,0,0,2,0,0,0
2450,199.988,-0.6610999999999999,83.60000000000001,2,4,3,0,0,1.0,9,0,0,0,0,0,0,0,0,0,1,0
2678,388.8950000000001,3.1482000000000028,53.010000000000005,1,4,8,2,3,0.38095238095238093,27,0,0,0,0,0,0,0,1,0,1,1
2712,299.761,1.8492,48.19,1,3,1,2,3,0.125,21,0,0,0,0,0,0,0,0,0,1,0
2723,156.612,2.6624400000000015,20.23,1,1,0,1,1,0.25,10,0,0,0,0,0,0,1,0,0,1,0
2726,318.87300000000005,4.894400000000004,6.48,0,3,4,2,3,0.29411764705882354,21,0,0,0,0,0,0,0,0,0,1,0
2727,276.745,1.7379,75.27000000000001,2,3,4,1,1,0.3,17,0,2,0,2,0,0,0,0,0,1,0
2756,252.347,0.5973999999999998,88.88999999999999,3,4,5,1,1,0.5,17,0,3,0,0,0,0,0,0,0,0,0
2764,331.34700000000004,1.5833,74.57000000000001,2,4,3,2,4,0.4117647058823529,24,0,1,0,0,0,0,0,0,0,1,1
2783,277.195,2.997100000000001,58.28,3,3,3,1,1,0.5,17,1,1,0,0,0,0,0,0,0,2,0
2789,300.745,3.3712000000000018,40.620000000000005,0,2,1,2,3,0.125,21,0,0,0,2,0,0,0,0,0,1,0
2802,315.716,3.037700000000002,84.6,1,4,2,2,3,0.06666666666666667,22,0,1,0,1,0,0,0,0,0,1,0
2972,139.154,0.39931999999999984,42.230000000000004,1,2,0,1,1,0.2857142857142857,10,0,0,0,0,0,0,0,0,0,0,0
3007,135.20999999999995,1.5763,26.02,1,1,2,1,1,0.3333333333333333,10,1,0,0,0,0,0,0,0,0,0,0
3026,278.348,3.600400000000003,52.60000000000001,0,4,8,1,1,0.5,20,0,0,2,0,0,0,0,2,0,0,0
3033,296.153,4.364100000000001,49.33,2,2,4,2,2,0.07142857142857142,19,0,1,0,0,0,0,0,0,0,2,1
3059,250.19999999999996,3.035600000000001,57.53,2,2,2,2,2,0.0,18,0,0,0,0,0,0,1,0,0,2,1
3151,425.92000000000024,3.353200000000001,78.82,2,3,5,4,5,0.36363636363636365,30,0,2,0,0,0,0,0,0,0,1,0
3162,270.376,2.923300000000001,25.36,0,3,6,2,2,0.35294117647058826,20,0,0,0,0,0,0,0,1,0,0,0
3278,303.14099999999996,3.6057000000000015,63.60000000000001,1,3,6,1,1,0.23076923076923078,19,0,0,0,0,0,1,0,1,0,2,1
3308,287.3589999999999,3.383000000000001,62.32000000000001,2,2,4,2,3,0.47058823529411764,21,0,1,0,0,0,0,0,1,0,0,1
3333,384.2590000000001,3.9643000000000024,64.63,1,5,4,1,2,0.3333333333333333,25,0,1,2,0,0,0,0,2,0,2,0
3365,306.276,0.7357999999999993,81.65,1,5,5,3,3,0.23076923076923078,22,0,0,0,0,0,0,0,0,0,2,0
3386,309.33099999999996,4.435000000000003,21.259999999999998,1,2,6,2,2,0.29411764705882354,22,0,1,0,0,0,0,0,1,0,3,0
3475,323.4180000000002,1.6298200000000003,78.50999999999999,2,4,3,1,3,0.5333333333333333,22,0,2,0,2,0,0,0,0,0,0,0
3476,490.62600000000026,3.0740000000000007,124.68,3,5,7,1,3,0.5416666666666666,34,0,3,0,5,0,0,0,0,0,0,0
3478,445.54500000000024,2.0781199999999993,130.15,3,6,7,2,3,0.42857142857142855,31,0,3,0,3,0,0,0,0,0,0,0
3488,494.01300000000026,3.641700000000002,113.6,3,5,8,2,3,0.391304347826087,33,0,3,0,3,0,0,0,1,0,1,0
3559,375.87100000000004,4.425600000000004,40.54,1,3,6,2,3,0.38095238095238093,26,0,0,0,0,0,1,0,0,0,2,0
3599,407.57600000000014,5.675500000000006,58.59,0,4,20,0,0,1.0,27,0,0,0,0,0,0,0,0,0,0,0
3639,297.745,-0.3512999999999999,118.36,3,5,1,1,2,0.14285714285714285,17,1,2,0,0,0,0,0,0,0,1,0
3672,206.28499999999997,3.073200000000001,37.3,1,1,4,1,1,0.46153846153846156,15,0,0,0,0,0,0,0,0,0,0,1
3715,357.7930000000002,3.9273200000000026,68.53,1,3,4,3,3,0.15789473684210525,25,0,0,0,0,0,0,0,1,0,1,1
3749,428.5400000000001,4.777400000000004,87.13000000000001,1,5,7,3,5,0.4,32,0,1,0,1,0,0,0,0,0,0,0
3784,371.39300000000014,2.582200000000001,103.55,1,8,4,2,3,0.3684210526315789,27,0,1,2,0,0,0,0,2,0,0,0
3825,254.285,3.1057000000000006,54.370000000000005,1,2,4,2,2,0.125,19,0,0,0,0,0,1,0,0,0,0,1
3883,369.36800000000005,3.515220000000002,67.87,1,4,5,3,3,0.25,25,0,1,0,0,0,0,0,1,0,3,0
3884,242.27399999999997,3.077400000000001,54.370000000000005,1,3,2,1,2,0.2,18,0,0,0,0,0,2,0,0,0,0,0
3885,242.27399999999997,2.7521000000000013,43.370000000000005,0,3,0,1,3,0.3333333333333333,18,0,0,0,0,0,2,0,1,0,0,0
3955,477.04800000000006,5.088000000000005,43.78,1,3,7,3,4,0.3448275862068966,34,0,0,0,1,0,0,0,0,0,1,0
3957,382.8910000000001,4.887800000000005,42.43,0,3,1,2,4,0.36363636363636365,27,0,0,0,1,0,0,0,1,0,1,0
4044,241.29,3.7452400000000017,49.33,2,2,3,2,2,0.13333333333333333,18,0,1,0,0,0,0,0,0,0,0,1
4075,153.137,0.6725999999999999,83.55000000000001,3,3,1,1,1,0.0,11,1,0,0,0,0,0,1,0,0,0,1
4091,129.167,-1.243829999999999,91.49,3,1,0,0,0,0.5,9,2,1,0,0,0,0,0,0,0,0,0
4168,299.802,2.0023999999999997,67.59,2,4,7,1,1,0.5,20,1,1,0,1,0,0,0,1,0,1,0
4173,171.15599999999998,0.09201999999999982,81.19,1,4,3,1,1,0.5,12,0,0,0,0,0,0,0,0,0,0,0
4409,228.291,3.370000000000002,26.3,0,2,4,2,2,0.26666666666666666,17,0,0,0,0,0,1,0,1,0,0,0
4421,232.23899999999998,1.42302,72.19,1,3,2,2,2,0.25,17,0,0,0,0,0,0,0,0,0,0,1
4463,266.30400000000003,2.6512200000000004,58.120000000000005,1,4,1,2,4,0.26666666666666666,20,0,1,0,1,0,0,0,0,0,0,0
4485,346.3390000000001,2.1756,107.77,1,7,4,1,2,0.29411764705882354,25,0,1,2,0,0,0,0,2,0,0,0
4495,308.315,2.7586000000000004,98.54,1,5,5,2,2,0.07692307692307693,21,0,1,0,0,0,0,0,1,0,0,0
4510,227.08499999999995,-1.0200999999999996,157.11,0,9,8,0,0,1.0,15,0,0,0,0,0,0,0,0,0,0,0
4539,319.336,1.2683,74.57000000000001,2,4,3,2,3,0.375,23,0,1,0,0,0,0,0,0,0,1,1
4583,361.3730000000001,1.544,75.01,1,5,2,2,4,0.4444444444444444,26,0,0,0,0,0,0,0,1,0,1,1
4614,293.32199999999995,4.025800000000002,63.33,1,3,5,3,3,0.1111111111111111,22,0,0,0,0,0,0,0,0,0,0,1
4631,265.35299999999995,1.9891,50.72,2,4,9,1,1,0.4666666666666667,19,0,1,0,0,0,0,0,2,0,0,0
4680,339.39100000000013,3.860000000000003,49.81,0,5,6,3,3,0.25,25,0,0,0,0,0,0,0,4,0,0,0
4763,232.239,0.7003999999999997,75.27000000000001,2,3,2,1,2,0.25,17,0,2,0,4,0,0,0,0,0,0,0
4771,149.23699999999997,1.9664000000000001,26.02,1,1,2,1,1,0.4,11,1,0,0,0,0,0,0,0,0,0,0
4814,376.41600000000005,2.3452,93.21,2,5,7,3,3,0.14285714285714285,28,0,2,0,2,0,0,0,1,0,0,0
4908,259.353,2.782700000000001,60.17,2,4,6,2,2,0.4,19,1,1,0,0,0,0,0,1,0,0,0
4927,284.428,4.239400000000003,6.48,0,3,3,2,3,0.29411764705882354,20,0,0,0,0,0,0,0,0,0,0,0
5035,473.59400000000016,6.075200000000007,70.0,2,6,7,4,5,0.25,34,0,0,0,0,0,1,2,1,0,0,0
5073,410.49300000000017,3.5904200000000026,64.16,0,5,4,3,5,0.5217391304347826,30,0,0,0,0,0,0,0,0,0,1,0
5090,314.36199999999997,2.5577000000000005,60.44,0,4,3,2,3,0.11764705882352941,22,0,0,1,0,0,0,0,1,0,0,0
5311,264.3249999999999,2.4710999999999994,78.43,3,3,8,1,1,0.42857142857142855,19,0,2,0,2,0,0,0,0,0,0,0
5339,398.40000000000015,3.701600000000002,141.31,3,7,6,3,3,0.0,28,0,1,0,0,0,0,1,0,0,0,1
5340,255.324,1.5260999999999998,85.08,2,5,3,2,2,0.0,16,1,1,0,0,0,0,0,0,0,0,0
5391,300.745,2.472200000000001,52.900000000000006,1,3,1,2,3,0.125,21,0,0,0,1,0,0,0,0,0,1,0
5479,247.27599999999998,0.5344199999999997,95.1,0,5,5,1,1,0.625,16,0,0,0,0,0,0,0,0,0,0,0
5483,163.198,-0.49449999999999994,66.4,3,3,3,0,0,0.6,10,0,1,0,1,0,0,0,0,0,0,1
5487,253.718,1.7157999999999998,62.2,2,6,1,2,3,0.2222222222222222,16,0,2,0,0,0,0,0,0,0,1,0
5509,257.289,2.19162,59.3,1,2,4,2,2,0.2,19,0,0,0,0,0,1,0,0,0,0,1
5560,380.6619999999999,0.8209999999999997,118.35999999999999,3,5,2,1,2,0.25,20,1,2,0,0,0,0,0,0,0,3,0
5639,387.48400000000015,0.7168000000000017,71.74000000000001,1,6,7,2,3,0.5,28,0,1,0,0,0,0,0,1,0,0,0
5665,129.159,0.3645000000000001,63.31999999999999,2,2,4,0,0,0.5,9,1,0,0,0,0,0,0,0,0,0,1
5717,575.6870000000001,5.6959200000000045,115.73000000000002,2,6,8,4,5,0.2903225806451613,41,0,2,0,2,0,0,0,2,0,0,0
5743,392.4670000000001,1.8957,94.83000000000001,3,5,2,0,4,0.7272727272727273,28,0,0,0,0,0,2,0,0,0,1,0
5750,283.799,2.6349000000000014,29.54,0,3,3,1,2,0.5333333333333333,19,0,0,1,0,0,0,0,1,0,1,0
5754,362.46600000000007,1.7815999999999996,94.83000000000001,3,5,2,0,4,0.8095238095238095,26,0,0,0,0,0,2,0,0,0,0,0
5833,416.5830000000003,4.852300000000005,60.44,0,5,1,0,5,0.7916666666666666,29,0,0,1,0,0,1,0,1,0,0,0
5904,334.39700000000005,0.8607999999999993,86.71000000000001,2,4,4,1,3,0.4375,23,0,1,0,2,0,0,0,0,0,0,1
5962,146.19,-0.47269999999999873,89.34,3,3,5,0,0,0.8333333333333334,10,2,0,0,0,0,0,0,0,0,0,1
5977,177.45800000000003,2.127500000000001,20.23,1,1,0,0,0,1.0,8,0,0,0,0,0,0,0,0,0,3,0
6014,320.88899999999995,4.6612000000000045,6.48,0,3,3,2,3,0.29411764705882354,21,0,0,0,0,0,0,0,0,0,1,0
6018,317.4290000000001,3.238100000000002,38.77,0,4,4,1,3,0.631578947368421,23,0,0,0,0,0,1,0,2,0,0,0
6055,368.499,2.4998000000000005,126.64,4,4,4,2,2,0.3333333333333333,25,2,0,0,0,0,0,0,0,0,0,0
6084,375.85200000000015,4.281800000000004,49.81,0,5,6,3,3,0.25,26,0,0,0,0,0,0,0,4,0,1,0
6112,206.33199999999994,2.785100000000001,37.3,1,3,5,0,1,0.875,12,0,0,0,0,0,0,0,0,0,0,1
6116,158.166,-2.8683999999999985,80.25999999999999,0,4,0,0,0,0.5,9,0,0,0,0,0,0,0,0,0,0,2
6196,401.4440000000002,1.8953199999999997,112.74,2,6,4,2,4,0.3684210526315789,28,0,1,0,2,0,0,0,0,0,0,1
6249,349.4120000000001,0.3180999999999994,112.73,3,5,4,1,3,0.4375,24,1,1,0,2,0,0,0,0,0,0,1
6253,243.21900000000002,-2.562999999999999,130.83,4,7,2,1,2,0.5555555555555556,17,1,0,0,0,0,0,0,1,0,0,0
6354,44.053,0.016600000000000004,12.53,0,1,0,0,1,1.0,3,0,0,0,0,0,0,0,1,1,0,0
6917,111.14399999999999,0.7523,20.310000000000002,0,1,1,0,1,0.5,8,0,0,0,1,0,0,0,0,0,0,0
7628,61.833000000000006,-2.0518,60.69,3,3,0,0,0,0.0,4,0,0,0,0,0,0,0,0,0,0,0
8753,339.995,3.1879000000000017,0.0,0,0,13,1,1,0.7142857142857143,23,0,0,0,0,0,0,0,0,0,1,0
8857,88.106,0.5694,26.3,0,2,1,0,0,0.75,6,0,0,1,0,0,0,0,1,0,0,0
9280,269.772,2.5071000000000008,38.33,1,3,3,1,2,0.5,18,0,1,1,0,0,0,0,1,0,1,0
9351,196.64100000000002,1.3371999999999995,63.83,2,4,1,2,2,0.0,13,1,1,0,0,0,0,0,0,0,1,0
9433,420.4340000000002,-3.1755999999999975,197.40000000000003,4,8,1,4,4,0.375,30,2,2,0,0,0,0,0,0,0,0,0
9444,244.207,-3.167999999999999,143.72000000000003,4,8,2,1,2,0.625,17,1,0,0,0,0,0,0,1,0,0,0
9550,42.041,-0.0832,36.400000000000006,0,0,0,0,0,0.0,3,0,0,0,0,0,0,0,0,0,0,0
10112,100.08600000000001,-2.8278,63.19,0,3,0,0,0,0.0,5,0,0,0,0,0,0,0,0,0,0,0
11065,313.872,4.590400000000005,3.24,0,1,3,2,3,0.3,22,0,0,0,0,0,0,0,0,0,1,0
12035,163.198,-0.4945,66.4,3,3,3,0,0,0.6,10,0,1,0,1,0,0,0,0,0,0,1
12560,733.9370000000002,1.785600000000004,193.91,5,14,7,0,3,0.9459459459459459,51,0,0,1,0,0,1,0,6,0,0,0
13144,218.218,-4.146599999999998,120.72000000000001,2,6,2,0,0,0.6666666666666666,13,0,0,0,0,0,0,0,0,0,0,2
14219,165.62800000000001,-0.8220300000000003,91.49,3,1,0,0,0,0.5,10,2,1,0,0,0,0,0,0,0,1,0
14250,336.40199999999993,2.3977000000000004,0.0,0,0,13,0,0,1.0,19,0,0,0,0,0,0,0,0,0,1,0
14985,430.7170000000002,8.840260000000002,29.46,1,2,12,1,2,0.7931034482758621,31,0,0,0,0,0,0,1,1,0,0,0
14986,416.6900000000003,8.531840000000003,29.46,1,2,12,1,2,0.7857142857142857,30,0,0,0,0,0,0,1,1,0,0,0
16078,314.46900000000005,5.7358000000000064,29.46,1,2,4,1,3,0.6190476190476191,23,0,0,0,0,0,0,1,1,0,0,0
16961,516.4100000000002,-5.243299999999994,147.02,2,8,4,0,4,0.7272727272727273,34,0,0,0,0,0,2,0,0,0,1,0
17506,263.315,0.9602999999999999,106.86000000000001,4,5,3,1,1,0.4,17,0,1,0,0,0,0,2,0,0,0,0
18283,224.216,-0.7090800000000002,84.32000000000001,2,4,2,1,2,0.4,16,0,1,0,0,0,0,0,1,0,0,0
20058,370.3140000000002,-1.1394999999999986,142.99,1,9,5,1,2,0.5333333333333333,26,0,1,3,0,0,0,0,4,0,0,0
20279,285.691,-0.2974000000000001,119.31,3,7,2,2,3,0.5,19,1,0,0,0,0,0,0,1,0,1,0
24497,136.141,-1.7187999999999997,80.25999999999999,0,4,0,0,0,0.0,6,0,0,0,0,0,0,0,0,0,0,0
25215,288.77800000000013,3.6059000000000028,32.67,0,2,1,1,3,0.375,20,0,0,0,1,0,0,0,0,0,1,0
25517,53.492000000000004,-2.6198,36.5,1,0,0,0,0,0.0,2,0,0,0,0,0,0,0,0,0,1,0
27447,347.39600000000013,0.44489999999999946,112.73,3,5,4,1,3,0.3125,24,1,1,0,2,0,0,0,0,0,0,1
27661,191.13899999999998,-1.2782,91.06,1,6,2,0,2,1.0,13,0,0,0,0,0,0,0,2,0,0,0
30667,295.59700000000004,3.184200000000002,33.620000000000005,1,3,3,1,2,0.36363636363636365,17,0,1,0,0,0,0,0,1,0,3,0
31239,339.9949999999999,3.4594000000000014,3.88,0,0,15,1,1,0.7619047619047619,23,0,0,0,0,0,0,0,0,0,1,0
31404,220.35599999999997,4.295620000000003,20.23,1,1,0,1,1,0.6,16,0,0,0,0,0,0,1,0,0,0,0
31703,543.5250000000003,0.0012999999999995793,206.07,6,12,5,2,5,0.4444444444444444,39,1,0,0,0,0,3,2,3,0,0,0
33613,365.4110000000001,0.023699999999999555,132.95999999999998,4,6,4,1,3,0.4375,25,1,1,0,2,0,0,1,0,0,0,1
34312,252.273,2.6422,63.400000000000006,1,2,0,2,3,0.06666666666666667,19,1,0,0,2,0,1,0,0,0,0,0
34359,226.232,-0.05309999999999998,115.81,5,5,4,1,1,0.3,16,1,1,0,0,0,0,2,0,0,0,1
35370,267.245,-0.19627999999999995,133.08,2,5,3,1,2,0.6,19,0,1,0,0,0,0,0,1,0,0,0
40632,185.226,2.1459200000000003,22.0,0,1,1,2,2,0.08333333333333333,14,0,0,0,0,0,0,0,0,0,0,0
41684,307.28700000000003,2.2289000000000003,111.43,1,7,4,2,2,0.08333333333333333,21,0,1,1,1,0,0,0,1,0,0,0
41693,386.5610000000001,4.214800000000004,32.78,0,4,8,2,3,0.5,27,0,0,0,1,0,0,0,1,0,0,0
41774,645.6080000000004,-8.5645,321.17,14,19,9,0,4,0.92,44,0,1,0,0,0,0,0,5,0,0,0
44093,217.28999999999996,0.6279000000000001,57.61,2,3,3,0,1,0.7777777777777778,14,0,0,0,1,0,0,0,0,0,0,1
47576,531.4400000000003,4.2058000000000035,69.06,0,6,7,3,5,0.38461538461538464,36,0,0,0,1,0,0,0,3,0,2,0
51039,367.8140000000001,0.6212999999999995,112.73,3,5,4,1,3,0.26666666666666666,24,1,1,0,2,0,0,0,0,0,1,1
51081,333.363,1.6105,65.78,1,4,3,2,3,0.4117647058823529,24,0,0,0,0,0,0,0,0,0,1,1
51634,219.28099999999998,-1.4542999999999995,84.16000000000001,4,5,4,0,1,1.0,15,0,0,0,0,0,0,0,0,0,0,0
54840,291.82199999999995,4.146420000000004,21.259999999999998,1,2,6,2,2,0.29411764705882354,20,0,1,0,0,0,0,0,1,0,1,0
54891,474.9850000000003,2.9889000000000014,95.94000000000001,2,5,9,2,3,0.4,33,0,1,1,1,0,0,0,1,0,1,1
54892,438.5240000000003,2.5671,95.94000000000001,2,5,9,2,3,0.4,32,0,1,1,1,0,0,0,1,0,0,1
54900,510.0550000000001,6.497000000000007,70.0,2,6,7,4,5,0.25,35,0,0,0,0,0,1,2,1,0,1,0
55245,429.60400000000016,5.406500000000007,40.540000000000006,1,3,2,1,5,0.5517241379310345,32,0,0,0,0,0,1,0,0,0,0,0
55891,563.672,6.121300000000006,110.21,1,6,14,1,3,0.7,39,0,0,1,1,0,0,0,1,0,0,1
56959,427.54500000000013,2.3080400000000005,74.27000000000001,2,6,9,2,3,0.4583333333333333,31,0,1,0,1,0,0,0,2,0,0,0
59248,355.9100000000001,-1.9808599999999938,53.85,2,2,8,1,1,0.5555555555555556,24,0,2,0,2,0,0,0,0,0,1,0
59768,295.379,1.5298999999999998,67.79,2,5,9,1,1,0.5625,21,0,1,1,0,0,0,0,2,0,0,0
59772,413.4960000000002,1.2569999999999997,139.8,4,5,9,2,2,0.4444444444444444,28,0,2,0,0,0,0,0,0,0,0,2
60560,392.9080000000001,3.5814000000000026,68.28999999999999,1,5,7,2,3,0.3157894736842105,26,0,1,0,2,0,0,0,1,0,1,0
60606,321.829,3.6739000000000024,29.54,0,4,3,2,3,0.3125,21,0,0,1,0,0,0,0,1,0,1,0
60795,448.3940000000001,4.859300000000005,44.81,1,4,7,2,4,0.43478260869565216,30,0,1,0,1,0,0,0,1,0,2,0
60822,1155.3619999999999,9.577000000000004,229.23999999999998,6,10,24,8,8,0.2727272727272727,83,0,2,0,2,0,0,0,0,0,2,2
60825,229.261,-0.5941000000000001,90.36999999999999,2,6,2,1,2,0.5,15,1,0,0,0,0,0,0,1,0,0,0
60834,333.88399999999996,5.052700000000004,21.259999999999998,1,3,6,3,3,0.2222222222222222,22,0,1,0,0,0,0,0,1,0,1,0
60846,435.5280000000002,4.1617000000000015,112.07000000000001,2,5,10,3,3,0.375,32,0,1,0,1,0,0,0,0,0,0,1
60871,501.47700000000026,2.7025000000000006,166.97999999999996,1,12,11,2,2,0.65,34,1,0,2,0,0,0,0,3,0,0,0
60877,247.25099999999998,-0.45500000000000024,90.36999999999999,2,6,2,1,2,0.5,16,1,0,0,0,0,0,0,1,0,1,0
62698,504.43800000000016,-7.572999999999989,268.67999999999995,11,16,7,0,3,1.0,34,0,0,0,0,0,0,0,5,0,0,0
62882,295.81,2.9993000000000016,41.489999999999995,2,3,6,2,2,0.375,20,0,1,0,0,0,0,0,1,0,1,0
62923,313.86899999999997,3.4574000000000034,32.7,1,3,5,1,2,0.6470588235294118,21,0,0,0,0,0,0,0,1,0,1,0
62937,652.8260000000004,3.1622000000000012,176.04,6,10,21,2,2,0.5882352941176471,46,0,2,0,0,0,0,0,4,0,0,2
62969,491.0720000000003,5.514880000000007,63.95,0,6,13,2,2,0.5185185185185185,34,0,0,0,0,0,0,0,4,0,1,0
63013,299.8419999999999,3.0564000000000027,32.7,1,3,4,1,2,0.625,20,0,0,0,0,0,0,0,1,0,1,0
64139,315.67799999999994,4.073100000000001,38.33,1,2,0,1,3,0.35714285714285715,21,0,1,0,1,0,0,0,1,0,4,0
65157,456.71100000000035,7.960900000000009,43.370000000000005,0,3,10,0,4,0.8666666666666667,33,0,0,1,0,0,1,0,1,0,0,0
65999,514.6290000000002,7.2644200000000065,72.94,1,3,7,6,6,0.18181818181818182,39,0,0,0,0,0,0,0,0,0,0,1
66370,198.171,-4.046099999999998,141.88,5,6,1,0,1,1.0,13,0,0,0,0,0,0,0,1,0,0,0
68704,221.29999999999998,2.4939999999999998,49.33,2,2,4,1,1,0.46153846153846156,16,0,1,0,1,0,0,0,0,0,0,0
68844,383.5170000000002,0.08690000000000064,118.80000000000001,2,7,7,1,2,0.6666666666666666,23,1,1,0,0,0,0,0,1,0,0,0
71329,441.5750000000001,1.9828999999999997,104.81,2,6,11,2,2,0.3684210526315789,29,0,2,0,0,0,0,0,1,0,0,0
71360,426.4880000000001,4.826600000000004,64.8,0,6,8,3,4,0.4166666666666667,31,0,0,0,0,0,1,0,2,0,1,0
71412,364.873,2.5572000000000012,95.58,4,4,8,2,2,0.3157894736842105,25,1,1,0,1,0,0,1,0,0,1,0
71424,273.75999999999993,1.8742999999999994,39.72,1,4,5,1,2,0.5384615384615384,18,0,1,0,0,0,0,0,3,0,1,0
71616,349.31600000000003,2.1769000000000003,76.72,1,5,5,3,3,0.25,25,0,0,0,0,0,0,0,0,0,3,0
71764,425.9170000000001,1.7724999999999995,111.83000000000001,2,8,8,2,3,0.5263157894736842,29,1,1,0,1,0,0,0,3,0,1,0
71771,354.18899999999996,3.907300000000002,75.63000000000001,2,4,6,2,2,0.125,23,0,1,1,0,0,0,0,1,0,2,1
73491,182.02300000000002,-7.347099999999998,75.72,0,4,1,0,1,1.0,10,0,0,0,0,0,0,0,1,1,0,0
74990,623.15,4.5129000000000055,114.19999999999999,1,8,4,3,7,0.5151515151515151,44,0,0,1,1,0,0,0,2,0,1,0
77997,391.4750000000001,3.2966000000000015,87.04,2,4,6,4,4,0.22727272727272727,29,0,1,0,0,0,0,0,0,0,0,1
78000,410.4040000000001,0.35680000000000117,168.40999999999997,5,6,7,0,1,0.75,27,1,1,1,1,0,0,0,2,0,0,0
84003,376.40900000000016,-0.04820000000000002,146.01,5,6,6,2,3,0.3684210526315789,27,1,0,0,0,0,1,0,0,0,0,1
84029,747.9640000000002,2.439700000000005,182.91,4,14,8,0,3,0.9473684210526315,52,0,0,1,0,0,1,0,7,0,0,0
84724,180.214,-1.2323,111.96,2,6,1,1,1,0.0,10,2,0,0,0,0,0,0,0,0,0,0
86472,472.7540000000003,9.059960000000002,35.53,0,3,13,1,2,0.7741935483870968,34,0,0,1,0,0,0,0,2,0,0,0
91270,498.5760000000004,2.5843000000000007,114.40000000000002,2,7,11,2,3,0.4444444444444444,36,0,1,1,1,0,0,0,3,0,0,1
91558,360.88500000000005,3.5950000000000033,45.59,1,4,4,2,5,0.45,25,0,0,0,0,0,0,0,1,0,1,0
92974,213.189,-0.4569000000000003,124.01,5,5,3,1,1,0.2222222222222222,15,1,0,0,0,0,0,2,0,0,0,1
93095,176.121,-1.7358999999999998,75.72,0,4,1,0,1,1.0,9,0,0,0,0,0,0,0,1,1,0,0
104865,551.6250000000002,4.203900000000003,145.65,2,10,10,4,4,0.25925925925925924,39,0,1,0,0,0,0,0,3,0,0,0
107952,343.89500000000004,2.8152000000000017,50.72,2,4,11,1,2,0.6666666666666666,23,0,1,0,0,0,0,0,2,0,1,0
107970,307.47800000000007,3.2043000000000013,66.48,3,3,12,1,1,0.6842105263157895,22,1,0,0,0,0,0,0,0,0,0,0
110635,389.4110000000001,2.2113000000000005,74.87,1,4,1,3,6,0.2727272727272727,29,0,1,0,2,0,0,0,2,0,0,0
115355,329.23,2.7346000000000013,94.35,0,5,3,1,2,0.35714285714285715,23,0,0,0,0,0,3,0,0,0,3,0
115366,419.9080000000001,3.0211000000000006,104.14,2,6,3,2,3,0.3125,26,0,0,1,0,0,0,0,1,0,1,0
119607,314.3660000000001,2.9644200000000005,86.19,1,4,3,3,3,0.0625,22,1,0,0,0,0,0,0,0,0,0,0
121396,190.155,-1.0272999999999997,129.72,4,3,5,0,0,0.5,13,1,1,0,2,0,0,0,0,0,0,2
121587,368.27099999999996,2.4282000000000012,41.93000000000001,1,4,1,1,4,0.5294117647058824,22,0,0,0,0,0,0,0,2,0,1,0
121892,303.337,3.588400000000001,76.38,3,4,5,2,2,0.1875,22,1,2,0,1,0,0,0,1,0,1,0
123603,235.77999999999997,1.9819999999999998,12.47,0,3,0,0,4,1.0,14,0,0,0,0,0,0,0,1,0,1,0
124087,310.828,4.018900000000003,24.92,1,2,0,2,4,0.3157894736842105,22,0,1,0,0,0,0,0,0,0,1,0
129228,238.19699999999997,0.7035,73.8,1,3,3,2,2,0.1,17,1,0,0,1,0,0,0,0,0,2,0
129791,394.89900000000006,2.9960000000000018,60.03,1,5,9,2,2,0.35,27,0,1,0,1,0,0,0,3,0,1,0
130564,713.1370000000001,4.676880000000004,150.82000000000002,0,10,10,6,6,0.29411764705882354,49,0,0,0,0,0,0,0,4,0,0,0
130881,558.5950000000004,4.170020000000004,162.16,2,10,10,5,5,0.3103448275862069,41,0,1,1,0,0,0,0,1,0,0,0
130904,475.62900000000025,5.5430000000000055,63.68,0,5,4,1,5,0.5666666666666667,35,0,0,1,0,0,2,0,1,0,0,0
134018,316.38200000000006,3.723200000000003,83.21,1,5,5,2,2,0.3125,22,0,0,0,0,0,0,0,1,0,0,1
134601,294.307,-0.31109999999999854,118.72,3,5,7,1,1,0.35714285714285715,21,1,1,1,1,0,0,0,1,0,0,1
134780,273.248,-0.33000000000000046,109.57000000000001,2,5,1,1,3,0.23076923076923078,20,1,1,0,4,0,0,0,0,0,0,0
148195,638.832,5.909900000000007,79.53,1,3,3,2,5,0.5185185185185185,36,1,0,0,3,0,0,0,0,0,3,0
150311,409.4320000000001,4.8883000000000045,60.77000000000001,2,3,6,3,4,0.20833333333333334,30,0,0,0,1,0,0,1,0,0,2,0
154256,530.6650000000005,6.421920000000007,95.16000000000001,3,5,7,4,5,0.34375,39,0,0,0,0,0,0,2,1,0,0,1
156391,230.26299999999998,3.036500000000001,46.53,1,2,3,2,2,0.21428571428571427,17,0,0,0,0,0,0,0,1,0,0,1
156418,393.87999999999994,6.563800000000004,12.03,1,1,6,3,3,0.2727272727272727,27,0,1,0,0,0,0,0,0,0,4,0
157920,390.4670000000001,4.309900000000004,83.83000000000001,2,4,11,0,2,0.9,27,0,0,0,0,0,1,0,1,0,2,1
158550,802.9480000000003,3.5588000000000024,245.81999999999996,7,11,14,3,3,0.4473684210526316,56,0,4,0,4,0,0,0,2,0,0,0
158781,446.5110000000002,3.6566000000000014,129.81,3,6,8,4,4,0.2916666666666667,33,0,1,0,0,0,0,0,0,0,0,1
159269,242.231,-1.5142799999999992,104.55000000000001,3,5,2,1,2,0.6,17,0,1,0,0,0,0,0,1,0,0,0
163701,282.815,2.1932000000000005,46.33,1,2,5,1,2,0.5333333333333333,19,1,0,0,1,0,0,0,0,0,1,0
163761,581.5880000000003,5.846620000000004,153.23000000000002,4,8,12,3,3,0.39285714285714285,41,1,1,0,0,0,0,0,3,0,3,2
168924,457.83599999999996,-7.341000000000001,189.57,0,9,0,0,0,0.0,14,0,0,0,0,0,0,0,0,0,0,0
169535,431.1540000000001,0.06295999999999968,159.81,0,9,0,3,3,0.16666666666666666,28,0,0,0,0,0,0,0,0,0,0,0
176871,429.90400000000017,3.8269000000000024,74.73,1,7,10,3,3,0.2727272727272727,30,0,1,0,0,0,0,0,4,0,1,0
179344,296.3260000000001,3.0637000000000008,72.63,1,3,1,2,3,0.17647058823529413,22,1,0,1,2,0,0,0,1,0,0,0
181458,215.768,3.1159000000000012,26.02,1,1,0,0,4,1.0,14,1,0,0,0,0,0,0,0,0,1,0
189729,440.4770000000002,2.784500000000001,130.16,3,5,13,1,2,0.6190476190476191,30,1,0,0,1,0,0,0,0,0,0,1
193962,435.28500000000014,4.717400000000003,120.63999999999999,2,7,4,3,3,0.1,28,1,1,0,0,0,0,0,1,0,1,0
208902,259.349,2.5676000000000005,38.33,1,2,4,1,3,0.5625,19,0,1,0,1,0,0,0,1,0,0,0
214348,373.3680000000001,3.7107000000000023,108.47,3,5,4,4,4,0.0,28,0,0,0,0,0,0,2,0,0,0,1
214350,359.70599999999996,4.532600000000002,38.33,1,2,2,2,3,0.1875,24,0,1,0,1,0,0,0,1,0,5,0
216237,448.9500000000003,5.683140000000005,69.64,2,3,3,3,4,0.23076923076923078,32,0,1,0,2,0,0,0,0,0,1,0
216326,259.265,0.029799999999999494,92.5,2,4,1,1,3,0.3076923076923077,19,1,1,0,3,0,0,0,0,0,0,0
216457,480.5610000000002,3.8007000000000017,107.38000000000001,2,5,5,2,6,0.4444444444444444,35,0,0,0,1,0,0,0,1,0,0,2
219025,593.2300000000004,7.4708000000000085,88.85,1,6,18,3,3,0.5161290322580645,40,0,1,0,0,0,1,0,1,0,1,0
219078,250.298,0.45390000000000025,67.42999999999999,2,3,6,1,1,0.38461538461538464,18,0,2,0,2,0,0,0,1,0,0,0
221493,408.5790000000002,3.448700000000003,97.99000000000001,4,4,4,0,4,0.9583333333333334,29,0,0,0,0,0,0,0,0,0,0,1
406563,637.0360000000003,6.791420000000004,146.72,4,6,6,4,4,0.10714285714285714,43,0,3,0,3,0,0,0,1,0,4,0
441074,324.4240000000001,3.173200000000002,45.59,1,4,4,2,5,0.45,24,0,0,0,0,0,0,0,1,0,0,0
441300,286.33900000000006,1.0922999999999998,101.88,3,6,4,2,4,0.5,21,1,1,0,0,0,0,0,0,0,0,0
441308,684.8240000000006,1.1038000000000041,216.49999999999997,8,12,21,2,2,0.5882352941176471,48,0,2,0,0,0,0,0,4,0,0,2
441358,299.84499999999997,4.248200000000004,12.03,1,1,3,2,3,0.2631578947368421,21,0,1,0,0,0,0,0,0,0,1,0
443872,414.4980000000003,3.124500000000002,82.2,0,6,1,0,6,0.7916666666666666,30,0,0,2,0,0,1,0,3,1,0,0
443953,862.064,2.6798000000000077,226.27999999999997,4,17,12,0,3,0.9069767441860465,60,0,0,3,0,0,1,0,8,0,0,0
444030,507.4720000000003,4.5354000000000045,55.56,1,3,7,3,5,0.32142857142857145,33,1,0,0,1,0,0,0,1,0,1,0
445643,804.0310000000002,4.639000000000004,178.35999999999999,3,12,7,0,4,0.7727272727272727,57,0,0,1,1,0,2,0,5,0,0,0
446987,138.059,-0.09110000000000007,70.06,2,2,1,0,1,1.0,8,0,0,0,0,0,0,0,1,1,0,0
447043,748.9960000000002,1.9007000000000054,180.07999999999998,5,14,7,0,3,0.9736842105263158,52,0,0,1,0,0,0,0,6,0,0,0
447715,420.63400000000024,5.114000000000006,77.76,3,3,5,0,4,0.9615384615384616,30,0,0,0,0,0,0,0,0,0,0,1
449193,403.212,5.030900000000003,60.45,1,4,7,2,3,0.29411764705882354,26,0,1,0,1,0,0,0,2,0,4,0
456199,359.26,2.667700000000001,88.65,0,6,5,2,3,0.35714285714285715,25,0,0,0,0,0,0,0,3,0,3,0
464205,287.21599999999995,-0.051200000000000134,136.38000000000002,3,6,5,2,2,0.4444444444444444,19,1,0,0,0,0,0,0,1,0,0,0
493570,376.369,-1.7235599999999995,161.56,5,8,5,1,3,0.4117647058823529,27,0,1,0,0,0,0,0,0,0,0,0
637568,144.12599999999998,-0.11140000000000017,52.60000000000001,0,4,2,0,0,0.3333333333333333,10,0,0,2,0,0,0,0,2,0,0,0
656631,463.44100000000003,4.398900000000005,53.17,1,3,6,3,4,0.36363636363636365,28,0,1,0,0,0,0,0,0,0,1,0
969472,388.81500000000005,1.5679999999999996,91.75999999999999,0,7,2,2,4,0.35294117647058826,27,0,0,0,2,0,0,0,1,0,1,0
1349907,114.173,1.08269,20.72,1,1,0,1,1,0.25,7,0,1,0,0,0,0,0,0,0,0,0
1549000,388.8950000000001,3.1482000000000028,53.010000000000005,1,4,8,2,3,0.38095238095238093,27,0,0,0,0,0,0,0,1,0,1,1
2724385,780.9490000000003,2.2181000000000024,203.06,6,14,7,0,8,0.926829268292683,55,0,0,1,0,0,0,0,7,0,0,0
3000540,406.54500000000013,-0.8569999999999969,122.49000000000002,5,8,7,0,2,0.9444444444444444,27,0,1,0,1,0,0,0,1,0,0,0
3001055,314.41100000000006,1.4589999999999996,83.58,2,7,10,1,1,0.5384615384615384,21,0,2,0,0,0,0,0,0,0,0,0
3002977,513.6770000000002,5.950920000000006,63.050000000000004,1,4,8,2,5,0.6896551724137931,37,0,1,0,1,0,0,0,0,0,2,0
3014803,107.109,-1.8622,63.93000000000001,3,4,3,0,0,1.0,7,0,0,0,0,0,0,0,0,0,0,0
3033332,350.872,1.8807999999999994,83.58,2,7,10,1,1,0.5384615384615384,22,0,2,0,0,0,0,0,0,0,1,0
3033637,331.4670000000001,1.3224999999999996,83.33,2,8,10,1,1,0.5833333333333334,21,0,2,0,0,0,0,0,0,0,0,0
3033924,740.761,2.263300000000001,181.51999999999998,2,10,4,4,8,0.4444444444444444,53,0,0,0,0,0,0,0,2,0,2,2
3036505,378.8990000000002,5.645700000000006,29.46,1,2,8,3,3,0.16666666666666666,27,0,0,0,0,0,0,0,1,0,1,0
3045381,505.05500000000035,3.731800000000003,60.47000000000001,0,6,10,2,4,0.5185185185185185,35,0,0,0,1,0,0,0,4,0,1,0
3052775,267.35,1.4006999999999998,66.4,2,3,2,1,2,0.38461538461538464,18,0,1,0,0,0,0,0,0,0,0,0
3058751,295.304,4.174300000000003,35.25,1,2,5,2,2,0.25,21,1,0,0,0,0,0,0,1,0,3,0
3062316,488.01700000000034,3.313540000000002,106.50999999999999,3,9,7,3,4,0.36363636363636365,33,0,2,0,1,0,0,0,0,0,1,0
3081361,475.3620000000001,5.004200000000004,59.510000000000005,1,6,6,3,4,0.36363636363636365,30,0,1,0,0,0,0,0,2,0,2,0
5018304,318.135,0.033399999999999486,52.16,1,3,4,2,2,0.07142857142857142,20,0,1,0,0,0,0,0,0,0,2,1
5280443,270.23999999999995,2.5768000000000018,90.9,3,5,1,3,3,0.0,20,0,0,0,0,0,0,3,0,0,0,0
5280445,286.239,2.2824000000000018,111.13000000000001,4,6,1,3,3,0.0,21,0,0,0,0,0,0,4,0,0,0,0
5280965,924.091000000001,0.7117000000000056,319.60999999999996,12,17,3,0,3,0.6595744680851063,65,1,0,1,0,0,0,0,4,0,0,1
5281004,430.5410000000002,2.716800000000001,93.06,2,6,4,0,5,0.76,31,0,0,0,0,0,2,0,2,0,0,0
5281040,586.1970000000003,8.948000000000002,70.42,2,4,12,4,5,0.3142857142857143,41,0,0,0,0,0,0,0,0,0,1,1
5281068,390.86700000000013,3.5304,90.73,2,4,7,2,2,0.25,27,0,0,0,0,0,0,0,0,0,1,2
5281792,360.31800000000004,1.7613000000000012,144.52,5,7,6,2,2,0.1111111111111111,26,0,0,1,0,0,0,4,1,0,0,1
5282379,300.44200000000006,5.602600000000005,37.3,1,1,5,0,1,0.45,22,0,0,0,0,0,0,0,0,0,0,1
5282455,1001.1539999999999,1.7532000000000034,287.49999999999994,4,16,20,4,4,0.4090909090909091,67,0,0,0,0,0,0,0,0,0,2,2
5284359,110.98400000000001,-6.3728,0.0,0,0,0,0,0,0.0,3,0,0,0,0,0,0,0,0,0,2,0
5284583,170.212,-0.12729999999999997,63.400000000000006,1,2,3,0,1,0.75,12,1,0,0,2,0,0,0,0,0,0,0
5288227,114.05599999999998,-2.9576000000000002,80.25999999999999,0,4,2,0,0,0.0,8,0,0,0,0,0,0,0,0,0,0,2
5288826,285.343,1.1981,52.93000000000001,2,4,0,1,5,0.5294117647058824,21,0,0,0,0,0,0,1,1,0,0,0
5311027,415.5740000000001,3.1469000000000027,89.79,4,4,12,1,2,0.56,30,0,1,0,1,0,0,0,0,0,0,0
5311037,384.43600000000015,2.1240999999999994,80.28,0,5,6,3,3,0.35,28,0,0,0,0,0,0,0,2,0,0,0
5311083,713.1370000000001,4.676880000000004,150.82000000000002,0,10,10,6,6,0.29411764705882354,49,0,0,0,0,0,0,0,4,0,0,0
5311304,357.45000000000005,1.7073000000000005,73.16000000000001,3,5,2,1,6,0.7142857142857143,26,0,0,0,0,0,0,1,1,0,0,0
5311454,234.29499999999996,2.835500000000002,38.69,1,3,2,1,2,0.42857142857142855,17,0,0,0,0,0,0,0,2,0,0,0
5312125,495.54200000000014,3.0711000000000013,97.05000000000001,3,6,13,2,3,0.48,35,1,1,0,1,0,0,0,2,0,3,0
5330286,447.5430000000004,2.965820000000001,105.03999999999999,2,8,5,3,5,0.4583333333333333,33,0,2,0,0,0,1,0,0,0,0,0
5359227,397.36400000000003,0.5724999999999998,119.69000000000003,4,5,1,1,5,0.5555555555555556,27,0,0,0,0,0,0,0,2,0,0,0
5361917,436.3460000000001,-1.3259999999999974,66.76,2,4,2,1,6,0.6666666666666666,27,0,0,0,0,0,1,1,1,0,1,0
5362065,453.45800000000014,-0.5447999999999986,184.51,4,10,8,1,3,0.25,30,1,1,0,2,0,0,0,0,0,0,2
5362119,405.49500000000006,1.2352000000000014,132.96,4,5,12,1,2,0.5714285714285714,29,1,1,0,1,0,0,0,0,0,0,2
5388962,376.45300000000026,1.6046,95.94000000000001,2,5,9,1,2,0.55,27,0,1,1,1,0,0,0,1,0,0,1
5479530,554.5920000000003,-1.6112999999999957,214.95999999999998,4,13,8,2,4,0.3333333333333333,36,1,2,0,2,0,0,0,0,0,0,1
5486971,159.22899999999998,1.0821,63.31999999999999,2,2,5,0,0,0.875,11,1,0,0,0,0,0,0,0,0,0,1
5488548,424.54100000000017,3.051400000000001,89.87,3,4,8,2,3,0.44,31,0,1,0,1,0,0,1,0,0,0,1
5491577,507.50300000000027,-3.018899999999998,279.01,4,10,8,1,3,0.25,33,1,1,0,2,0,0,0,0,0,0,2
5702160,337.4560000000001,-0.7679999999999998,175.83,4,6,7,1,1,0.375,20,4,0,0,0,0,0,0,0,0,0,0
6093208,74.09200000000001,-0.7343999999999999,60.0,0,2,0,0,0,0.0,3,0,0,0,0,0,0,0,0,0,0,0
6321416,510.4810000000003,-0.168299999999998,189.06,2,12,9,1,3,0.4,35,1,1,2,3,0,0,0,3,0,0,0
6324616,697.7780000000001,4.754120000000007,201.30999999999997,6,12,2,2,5,0.4864864864864865,50,0,1,1,1,0,1,3,4,0,0,0
6328154,263.198,-3.668699999999998,155.51999999999998,6,7,5,0,0,0.75,17,0,0,0,0,1,0,0,0,0,0,1
6436173,785.8909999999998,6.157840000000006,198.37999999999997,5,12,2,4,6,0.4418604651162791,57,0,1,1,1,0,1,2,4,0,0,0
6442177,958.24,6.197200000000008,204.65999999999994,3,14,9,0,4,0.7547169811320755,68,0,0,1,1,0,3,0,6,0,0,0
6450551,386.48,4.6391000000000036,70.67,2,4,5,4,4,0.045454545454545456,28,0,2,0,1,0,0,0,0,0,0,0
6450800,827.3299999999998,11.992499999999986,69.62000000000002,1,7,11,3,9,0.5652173913043478,56,0,0,0,0,0,0,0,3,0,3,0
6451150,505.3120000000001,1.0879,154.79999999999998,4,5,4,2,3,0.4375,33,1,0,0,1,0,0,0,0,0,6,0
6456015,532.5690000000003,2.24154,172.06,6,6,10,2,3,0.38461538461538464,38,0,3,0,2,0,0,0,0,0,1,2
6474107,1229.3230000000008,-6.504500000000004,454.67000000000013,17,29,14,0,11,1.0,85,0,0,0,0,0,0,0,12,0,0,0
6842999,287.297,0.6405999999999996,106.02000000000001,0,7,3,1,2,0.5,19,0,0,0,0,0,0,0,0,0,0,0
6850754,398.3170000000001,-3.9043999999999954,201.67,6,11,6,0,2,0.8571428571428571,27,0,0,0,0,0,0,0,5,0,0,2
6917875,401.8460000000001,3.9703000000000026,87.07000000000001,2,4,2,2,4,0.23809523809523808,28,0,0,0,0,0,0,0,1,0,1,2
6918248,390.4090000000001,3.170600000000001,44.269999999999996,1,3,4,3,4,0.35,28,0,1,0,0,0,0,0,0,0,3,0
6918313,477.99600000000027,4.451380000000003,102.29,2,5,7,4,5,0.3076923076923077,34,1,1,0,1,0,0,0,0,0,1,0
6918427,1219.61,6.298800000000016,366.86,10,16,40,2,2,0.6875,86,4,2,0,4,0,0,0,6,0,0,2
6918486,1214.6459999999984,3.4351000000000047,278.8,5,12,16,0,1,0.7619047619047619,86,0,4,0,11,0,0,0,0,0,0,0
6918493,378.4280000000001,3.515640000000003,81.54,1,5,7,3,3,0.22727272727272727,28,0,0,0,0,0,0,0,2,0,0,1
9552079,505.4580000000001,3.3366,177.58,6,2,9,2,2,0.2727272727272727,34,4,2,0,0,0,0,0,0,0,2,0
9578005,369.36800000000005,3.515220000000002,67.87,1,4,5,3,3,0.25,25,0,1,0,0,0,0,0,1,0,3,0
9588170,485.4940000000002,0.4700000000000014,177.41,3,9,5,2,4,0.47368421052631576,33,1,0,0,0,0,0,0,0,0,1,1
9800068,381.4690000000001,2.6684,118.3,4,5,7,1,2,0.6,27,0,0,0,0,0,0,1,0,0,0,2
9821849,391.5550000000001,5.9694000000000065,39.19,0,3,2,1,5,0.6153846153846154,29,0,0,1,0,0,0,0,1,0,0,0
9832912,639.8300000000003,5.728900000000008,116.04,2,9,3,0,5,0.6756756756756757,46,0,0,1,0,0,0,0,4,0,0,0
9837243,212.29299999999998,0.8989,63.400000000000006,1,2,5,0,1,0.8181818181818182,15,1,0,0,2,0,0,0,0,0,0,0
9838021,257.80499999999995,3.5053000000000023,23.47,1,2,5,1,1,0.5714285714285714,17,0,0,0,0,0,0,1,0,0,1,0
9844225,405.8780000000001,2.4104000000000005,65.07000000000001,0,6,2,1,5,0.5238095238095238,28,0,0,2,0,0,0,0,3,0,1,0
9849808,527.6580000000002,5.092900000000004,124.37000000000002,3,6,12,2,2,0.43333333333333335,38,0,0,1,0,0,0,0,1,0,0,2
9865528,396.51600000000013,2.7722,100.27,4,6,9,3,3,0.23809523809523808,28,1,2,0,1,0,0,0,0,0,0,0
9869929,483.96000000000026,2.4318000000000004,125.39,3,9,9,3,4,0.34782608695652173,34,0,2,0,1,0,0,0,1,0,1,0
9871419,522.5780000000003,2.0136999999999996,138.44,4,10,10,3,5,0.5652173913043478,36,0,1,0,0,0,0,0,1,0,2,0
9874560,667.9309999999999,9.187480000000003,107.62,2,6,5,1,8,0.6976744186046512,49,0,0,1,0,0,1,1,1,0,0,0
9875401,435.8890000000001,2.5199,88.18,1,6,5,2,4,0.3157894736842105,29,0,1,0,3,0,0,0,2,0,1,0
9883933,329.3930000000001,2.6830000000000007,101.92999999999999,2,5,7,0,1,0.8125,23,0,1,1,1,0,0,0,2,0,0,1
9913767,496.6330000000002,3.8980000000000032,101.49000000000001,1,7,12,3,3,0.34615384615384615,35,0,1,0,1,0,0,0,1,0,0,0
9918581,765.7420000000004,6.293200000000006,176.49999999999997,4,11,9,3,6,0.45454545454545453,50,0,1,0,1,0,0,0,0,0,2,3
9924495,349.39300000000003,4.438180000000004,58.68,0,3,3,4,4,0.0,27,0,0,0,0,0,0,0,0,0,0,0
9933004,441.9020000000001,2.7854000000000023,70.95,3,5,6,2,4,0.45454545454545453,30,0,1,0,0,0,0,0,2,0,3,0
9941095,925.4789999999999,8.622540000000003,215.08999999999997,4,12,13,7,7,0.16279069767441862,62,0,2,0,0,0,0,0,1,0,2,0
9989226,101.961,-1.118,85.5,0,0,0,0,0,0.0,5,0,0,0,0,0,0,0,0,0,0,0
9997821,347.38900000000007,0.21039999999999948,107.05000000000001,0,7,3,0,2,0.7857142857142857,23,0,0,2,1,0,0,0,2,0,0,0
10034073,1058.052,6.234400000000012,266.6599999999999,7,18,13,1,4,0.6346153846153846,72,0,0,3,0,0,0,2,8,0,2,0
10077129,590.6700000000003,4.976700000000004,152.12,3,7,5,2,5,0.4827586206896552,41,0,1,1,1,0,0,0,2,0,1,0
10096344,472.5530000000002,1.1474200000000006,116.85999999999999,1,7,4,4,5,0.4,35,1,0,0,0,0,0,0,0,0,0,0
10130337,194.23399999999995,0.6517000000000002,78.34,2,3,4,1,1,0.3,14,2,0,0,1,0,0,0,1,0,0,0
10158453,409.91000000000014,4.312800000000005,46.61,0,5,5,2,4,0.4,27,0,0,1,0,0,1,0,1,0,2,0
10174505,504.5000000000004,0.2962800000000024,221.03999999999996,5,9,8,2,3,0.5,36,0,1,0,1,0,0,0,0,0,0,3
10176082,78.00300000000001,-0.9111999999999998,90.0,0,3,0,0,0,0.0,4,0,0,0,0,0,0,0,0,0,0,0
10182969,459.5060000000003,2.6996,110.76,1,5,5,3,5,0.28,34,1,0,0,3,0,0,0,1,0,0,0
10220503,245.32199999999995,2.2512,38.33,1,2,4,1,3,0.5333333333333333,18,0,1,0,1,0,0,0,1,0,0,0
10288191,441.23200000000014,3.0113,88.41000000000001,3,5,6,3,3,0.17647058823529413,27,0,2,0,1,0,0,0,0,0,3,0
10324367,519.6870000000005,1.711200000000003,150.70000000000002,4,5,8,0,3,0.8148148148148148,37,1,3,0,5,0,1,0,0,0,0,0
10348973,623.6420000000002,3.7505000000000015,132.61,2,9,9,5,5,0.20689655172413793,44,0,2,0,2,0,0,0,1,0,2,0
10472693,344.492,4.4699000000000035,94.83,3,3,14,0,0,0.8947368421052632,24,0,0,0,0,0,0,0,0,0,0,2
11001318,308.12,4.4998000000000005,63.33,1,3,2,3,3,0.0,20,0,0,0,0,0,0,0,0,0,2,1
11167602,482.8210000000001,5.688800000000001,92.35,3,4,5,3,3,0.09523809523809523,33,0,3,0,3,0,0,0,1,0,5,0
11237860,529.1500000000003,4.677600000000005,56.75,0,6,5,2,7,0.6785714285714286,36,0,0,0,2,0,0,0,0,0,1,0
11250029,569.6620000000001,4.159040000000001,164.63000000000002,4,6,11,4,4,0.25,42,2,1,0,2,0,0,0,1,0,0,1
11251522,880.9980000000002,5.98600000000001,186.95999999999998,4,10,16,6,8,0.28,63,0,0,0,0,0,0,0,0,0,2,2
11274333,789.8390000000003,7.886100000000009,115.81,3,5,10,4,6,0.35,55,0,2,0,2,0,0,0,0,0,6,0
11304743,422.4240000000002,2.4427000000000003,138.07,2,8,4,4,4,0.15,31,2,0,0,1,0,0,0,1,0,1,0
11363176,460.9830000000001,4.267320000000004,82.36000000000001,2,6,8,2,3,0.30434782608695654,31,0,0,0,1,0,0,0,1,0,1,0
11434065,723.8530000000003,5.106600000000003,208.39999999999998,3,10,15,4,4,0.37142857142857144,51,1,1,1,2,0,0,0,2,0,0,0
11476460,450.3230000000002,1.5126999999999997,152.79,2,8,6,3,4,0.23529411764705882,31,0,0,0,1,0,0,0,1,0,1,0
11511120,469.9480000000003,5.155100000000003,79.38000000000001,2,6,7,3,4,0.2916666666666667,33,0,2,0,1,0,0,0,1,0,2,0
11525740,473.9900000000002,3.560840000000001,119.02999999999999,2,7,5,4,4,0.19047619047619047,32,1,1,0,0,0,0,0,0,0,1,0
11547978,509.3460000000003,5.235220000000004,139.24,2,7,6,4,4,0.13636363636363635,34,0,2,0,2,0,0,0,3,0,2,0
11551689,332.3149999999999,4.587000000000005,12.47,0,2,8,1,2,0.6470588235294118,21,0,0,0,0,0,0,0,1,0,2,0
11561674,460.5080000000002,2.4342000000000006,119.08,1,7,8,2,3,0.3181818181818182,32,0,1,0,3,0,0,0,2,0,0,0
11597697,455.5990000000001,0.19810000000000472,189.87999999999997,5,7,8,1,1,0.5882352941176471,29,2,1,0,1,0,0,0,0,0,0,0
11625818,415.4320000000001,3.7543000000000006,101.38000000000001,2,6,5,5,5,0.13636363636363635,31,0,2,0,0,0,0,0,0,0,1,0
11626560,450.3450000000002,5.037700000000004,77.99,2,5,5,3,4,0.3333333333333333,30,1,1,0,0,0,0,0,1,0,3,0
11644097,199.63400000000001,-2.5449999999999995,92.95,5,5,1,0,1,1.0,12,0,1,0,0,0,0,0,0,0,1,0
11672491,1005.2139999999999,7.21040000000001,204.67999999999998,6,10,19,4,6,0.48148148148148145,72,0,2,0,4,0,0,0,2,0,2,2
11673085,232.15400000000002,3.0110000000000015,12.03,1,1,0,1,2,0.45454545454545453,14,0,1,0,0,0,0,0,0,0,2,0
11711114,402.88900000000007,5.410900000000003,97.41999999999999,2,6,5,3,3,0.09090909090909091,29,0,2,0,0,0,0,0,0,0,1,0
11751549,461.01000000000016,0.8998999999999995,90.82000000000001,1,5,8,4,4,0.2727272727272727,31,0,0,0,0,0,0,0,0,0,1,0
11949652,426.59000000000015,1.5661200000000006,56.64000000000001,1,6,4,2,5,0.5454545454545454,30,0,1,0,1,0,0,0,0,0,0,0
11978813,433.5770000000001,4.724000000000003,48.57,1,5,7,4,5,0.32,31,0,1,0,0,0,0,0,1,0,0,0
11990828,548.4710000000001,4.365680000000005,114.38000000000001,1,8,9,3,4,0.38461538461538464,37,0,1,0,0,0,0,0,3,0,2,0
14055602,370.35100000000017,-4.0889999999999915,167.53,6,11,6,0,2,1.0,25,0,0,0,0,0,0,0,5,0,0,0
14720269,381.4330000000002,-0.3774799999999989,75.41000000000001,0,5,8,3,3,0.3333333333333333,26,0,0,0,0,0,0,0,2,0,0,0
15008962,405.35800000000006,-0.4825999999999999,84.64000000000001,0,6,7,3,3,0.25,27,0,0,0,0,0,0,0,3,0,2,0
15606394,718.0910000000005,3.8135000000000003,237.80999999999997,6,11,12,3,4,0.21875,50,0,2,0,1,0,0,0,2,0,2,4
15951529,464.44400000000013,3.992480000000003,76.44,1,4,3,2,3,0.23809523809523808,32,0,1,0,2,0,0,0,0,0,4,0
16004692,588.2820000000002,3.572700000000002,128.22000000000003,2,8,11,3,3,0.2631578947368421,32,0,2,0,0,0,0,0,2,0,2,0
16088021,461.5220000000003,1.77928,134.34999999999997,2,6,4,3,4,0.28,34,1,0,0,0,0,0,0,0,0,0,1
16124688,376.334,2.4033000000000007,66.48,1,3,2,1,6,0.42105263157894735,27,0,1,0,3,0,0,0,0,0,3,0
16158208,1526.767000000001,-5.939200000000026,573.91,19,26,13,2,6,0.5254237288135594,101,2,12,0,14,0,0,2,0,0,0,2
16203739,554.9590000000003,5.326600000000006,81.86,2,3,5,2,4,0.48,37,0,2,0,1,0,0,0,1,0,7,0
16214875,555.7660000000002,2.8728000000000002,163.01,5,7,6,3,3,0.17647058823529413,32,0,2,0,1,0,0,0,0,0,3,0
16220172,392.4990000000002,5.081000000000004,82.19,3,3,2,3,3,0.3333333333333333,29,0,2,0,1,0,0,1,0,0,0,0
16757572,584.0020000000002,5.952940000000005,129.12,2,6,6,5,5,0.10714285714285714,41,0,2,0,1,0,0,0,0,0,4,0
17397714,308.337,3.2802000000000016,64.36,1,4,5,3,3,0.1111111111111111,23,0,1,0,1,0,0,0,1,0,0,0
17747012,749.167,3.0274800000000033,213.82000000000002,0,10,10,6,6,0.29411764705882354,51,0,0,0,0,0,0,0,4,0,0,0
18004026,457.4830000000002,1.1262399999999995,152.67,4,6,6,3,3,0.30434782608695654,33,0,0,0,1,0,0,0,0,0,0,2
23663870,126.08699999999999,-4.487199999999998,60.36,1,3,3,0,0,0.75,8,0,0,0,0,0,0,0,0,0,0,1
23665037,888.9289999999999,-3.8968999999999983,253.11,2,5,5,2,2,0.13333333333333333,30,1,0,0,0,0,0,1,1,0,4,1
23668479,482.51300000000015,-2.7164799999999953,155.07,2,8,6,3,3,0.3,33,0,2,0,2,0,0,0,0,0,1,0
23670359,341.2130000000001,-3.1279999999999966,141.35999999999999,4,5,9,0,0,1.0,20,0,0,0,0,0,0,0,0,0,0,0
23681451,585.654,1.7906000000000024,113.03999999999999,0,7,14,1,3,0.7,40,0,0,1,1,0,0,0,1,0,0,1
23699544,606.6320000000003,1.3383200000000004,153.89999999999998,0,10,9,6,6,0.16666666666666666,43,0,0,1,0,0,0,0,2,0,0,0
23725083,593.7430000000002,2.3739000000000003,160.65,4,9,11,2,4,0.5517241379310345,41,1,1,0,1,0,0,0,3,0,0,0
23725423,439.51200000000006,2.7790200000000005,134.68,6,5,8,3,3,0.25,32,0,3,0,1,0,0,0,0,0,0,1
23725625,434.4710000000001,2.3473999999999995,86.37,1,4,4,3,5,0.3333333333333333,32,0,1,0,2,0,0,0,0,0,1,0
24755604,930.9870000000001,-4.8563000000000125,240.24,1,11,21,5,5,0.375,66,0,1,1,2,0,0,0,1,0,0,2
24776445,421.30500000000006,4.711200000000003,76.13,1,4,4,3,3,0.05263157894736842,27,0,1,0,1,0,0,0,0,0,2,0
24785956,653.5800000000003,1.2043199999999998,105.39,1,6,12,4,4,0.28125,46,0,1,0,0,0,0,0,1,0,5,1
24812732,671.5880000000003,6.842300000000007,120.19000000000001,3,6,10,5,5,0.19444444444444445,45,0,0,0,0,0,0,0,1,0,1,2
24812758,444.52400000000017,2.968320000000003,90.15,4,6,5,3,4,0.3333333333333333,31,0,0,0,0,0,0,0,1,0,1,0
24821094,440.5070000000002,4.2173000000000025,99.16,1,6,5,4,5,0.2,33,1,0,0,1,0,0,0,1,0,0,0
24872560,477.4430000000002,3.5315800000000026,89.33000000000001,1,5,3,2,4,0.2857142857142857,33,0,1,0,2,0,0,0,0,0,4,0
24883443,373.91700000000003,-3.6514999999999995,175.83,4,6,7,1,1,0.375,21,4,0,0,0,0,0,0,0,0,1,0
24906252,502.98800000000017,0.37919999999999915,171.34,6,8,7,2,3,0.5,34,0,0,0,0,0,0,0,2,0,1,0
24965990,450.9300000000002,4.111320000000004,80.29,0,6,3,4,5,0.30434782608695654,32,0,0,0,1,0,0,0,0,0,1,0
24970412,503.33500000000015,1.1415000000000006,176.51,7,9,8,3,3,0.3333333333333333,33,0,1,0,0,0,0,0,0,0,2,1
25008120,624.4300000000004,-4.161499999999997,192.38000000000002,2,14,10,3,4,0.30434782608695654,42,0,2,0,1,0,0,0,4,0,1,0
25096873,463.88100000000003,4.757300000000005,38.82000000000001,1,3,5,1,3,0.6666666666666666,29,0,1,0,2,0,0,0,0,0,3,0
25102846,635.6010000000003,4.447400000000002,193.60999999999996,5,9,11,4,5,0.21875,46,0,2,0,2,0,0,0,3,0,1,2
25127112,404.3670000000001,2.537780000000001,160.93999999999997,4,5,4,3,4,0.4117647058823529,28,0,1,0,0,0,0,0,0,0,0,0
25141092,560.649,5.026900000000004,85.52,3,6,7,4,6,0.3548387096774194,41,0,3,0,1,0,0,0,1,0,2,0
25151352,417.82200000000006,5.2280000000000015,66.49000000000001,2,4,5,4,4,0.15,29,0,2,0,0,0,0,0,0,0,4,0
25154713,811.8120000000002,7.065600000000008,174.63999999999996,4,8,11,4,6,0.45,56,0,4,0,4,0,0,0,2,0,2,0
25166913,374.44800000000015,3.391580000000001,96.84,3,4,3,3,4,0.2857142857142857,28,0,3,0,2,0,0,0,0,0,0,0
42611257,489.9310000000001,5.544200000000003,91.92,2,4,7,4,4,0.13043478260869565,33,0,2,0,0,0,1,0,0,0,3,0
44205240,371.42600000000004,1.09568,120.56,1,6,5,3,4,0.375,26,0,1,0,0,0,0,0,0,0,0,0
44232548,2106.702999999999,12.574099999999993,577.19,10,36,43,10,12,0.44680851063829785,144,2,3,0,4,0,0,0,9,0,3,3
44472635,444.5350000000001,2.7660000000000013,96.25000000000001,3,5,6,3,5,0.34615384615384615,33,0,2,0,1,0,0,0,0,0,0,0
44516822,615.6810000000003,4.868900000000003,165.22999999999996,3,9,5,4,4,0.20833333333333334,40,1,1,0,0,0,0,0,0,0,3,0
44610678,720.274,2.531320000000001,191.0,4,10,6,3,5,0.41935483870967744,48,0,3,0,4,0,0,0,0,0,1,0
44630049,584.4490000000003,-10.346300000000006,325.55,9,18,7,0,3,0.8333333333333334,38,0,0,0,0,0,0,0,5,0,0,3
45138699,681.4940000000006,3.9643200000000065,219.20999999999998,7,7,5,3,4,0.3076923076923077,45,0,1,0,1,0,0,0,2,0,3,0
45375808,529.4580000000002,1.6564999999999994,158.17999999999995,3,9,10,2,3,0.5,36,0,2,1,0,0,0,0,2,0,1,0
46188928,428.4430000000002,2.9475000000000016,86.00000000000001,2,5,3,3,5,0.38095238095238093,31,0,1,0,2,0,0,0,0,0,2,0
46215800,427.33900000000006,-2.6652999999999976,103.7,1,5,3,2,4,0.3157894736842105,30,0,1,0,2,0,0,0,1,0,2,0
46216142,441.3660000000001,-2.2751999999999972,103.7,1,5,3,2,4,0.35,31,0,1,0,2,0,0,0,1,0,2,0
46700774,547.0590000000003,3.604980000000004,128.43,0,7,7,4,5,0.27586206896551724,39,0,0,0,0,0,0,0,1,0,1,0
46700777,1149.2799999999995,13.257199999999987,198.85999999999999,4,10,20,4,8,0.4838709677419355,82,0,0,0,0,0,0,0,0,0,6,4
46783232,361.35400000000004,-0.31869999999999976,152.86999999999998,5,7,3,2,4,0.4117647058823529,26,0,1,0,0,0,0,0,0,0,0,2
46783235,373.4090000000001,-0.6837999999999997,119.17000000000002,4,8,2,2,5,0.5789473684210527,27,0,0,0,0,0,0,0,1,0,0,0
46783236,225.25099999999998,1.3305,54.88,1,3,0,2,4,0.3076923076923077,17,0,1,0,1,0,0,0,0,0,0,0
46866715,771.938,3.0422200000000013,158.95999999999995,1,10,8,3,7,0.5526315789473685,53,0,1,0,3,0,0,0,2,0,0,0
46892186,704.6340000000002,-1.1710799999999966,268.91999999999996,6,13,11,4,5,0.3793103448275862,49,1,0,0,2,0,1,0,1,0,0,0
46908927,569.0310000000003,4.877820000000004,65.77000000000001,1,5,4,4,5,0.27586206896551724,40,0,1,0,1,0,0,0,0,0,4,0
49800073,351.878,1.5797799999999997,90.35,2,4,2,0,6,0.8888888888888888,24,1,0,0,1,0,0,0,0,0,1,0
49843517,591.5570000000002,8.523600000000005,97.75000000000001,2,6,13,3,3,0.3448275862068966,39,0,1,0,1,0,0,0,2,0,2,1
49846579,868.4569999999998,8.659900000000006,172.03,3,11,13,5,8,0.37777777777777777,61,0,3,0,1,0,0,0,2,0,1,0
50905713,416.87200000000007,4.483500000000003,88.49,2,5,4,5,5,0.09090909090909091,30,0,2,0,0,0,0,0,0,0,1,0
50922675,540.0210000000002,3.908400000000001,140.13,3,8,9,3,3,0.36363636363636365,36,0,3,0,1,0,0,0,1,0,2,0
50992434,693.539,3.934820000000002,124.19999999999999,2,6,5,4,5,0.2857142857142857,41,0,2,0,1,0,0,0,0,0,2,0
51039094,480.53200000000027,5.093520000000003,110.85000000000001,2,9,5,5,6,0.19230769230769232,36,0,2,0,0,0,0,0,2,0,0,0
52918379,959.1880000000002,4.742000000000009,257.12,8,14,25,2,6,0.68,68,0,2,0,2,0,0,0,4,0,0,2
53239799,519.0890000000003,5.195080000000006,72.36,1,5,3,3,6,0.4666666666666667,37,0,1,0,0,0,1,0,1,0,1,0
53393742,578.3750000000002,2.8037000000000005,120.85,4,5,0,6,6,0.037037037037037035,37,4,0,0,0,0,0,0,0,0,4,0
54674461,426.3870000000001,2.5575,146.85999999999999,3,8,4,4,4,0.10526315789473684,31,2,1,0,1,0,0,0,1,0,2,0
54675776,444.4400000000001,-0.37099999999999905,181.62000000000003,6,9,2,1,4,0.4090909090909091,32,1,0,0,1,0,2,1,0,0,0,0
54675850,137.11399999999998,0.45839999999999975,60.36,1,2,1,1,1,0.0,10,0,0,0,0,0,0,0,0,0,0,1
54676228,331.353,1.5810000000000002,99.60000000000001,2,5,2,2,3,0.06666666666666667,23,0,1,0,1,0,0,0,0,0,0,0
54681908,487.50900000000024,-0.04279999999999795,173.85999999999999,5,10,5,1,4,0.4583333333333333,35,1,0,0,1,0,2,1,0,0,0,0
54682461,602.6750000000001,7.325500000000007,105.59,2,6,11,3,4,0.3548387096774194,42,0,1,1,0,0,0,0,1,0,3,0
54684141,270.21,2.999480000000001,73.12,2,3,2,1,1,0.16666666666666666,19,0,1,0,1,0,0,0,0,0,3,0
54697325,556.6600000000002,1.1657000000000024,176.66000000000005,6,10,6,1,4,0.5517241379310345,40,1,1,0,1,0,2,1,0,0,0,0
54704426,480.9010000000001,0.0508000000000004,181.62000000000003,6,9,2,1,4,0.4090909090909091,33,1,0,0,1,0,2,1,0,0,1,0
56649450,441.4790000000001,3.835020000000002,101.21000000000001,2,5,4,2,3,0.47368421052631576,30,1,1,0,3,0,0,0,0,0,3,0
56843331,4113.640999999981,-11.627860000000188,1646.1799999999994,57,56,149,6,6,0.6096256684491979,291,4,40,0,35,0,0,1,4,0,0,7
56844015,517.1270000000002,1.5430999999999995,168.33,4,7,11,1,2,0.45,34,0,2,0,2,0,0,0,0,0,2,2
56959086,741.8280000000004,1.0191000000000077,201.37,4,14,24,1,5,0.7222222222222222,52,0,0,0,0,0,0,1,9,0,0,2
57379345,558.1480000000001,6.361920000000006,105.23999999999998,3,8,9,3,4,0.42857142857142855,38,0,3,0,0,0,0,0,1,0,1,0
58460047,425.754,2.65458,105.70000000000002,1,5,4,3,3,0.17647058823529413,29,0,1,0,0,0,0,0,1,0,4,0
58557659,380.3740000000001,2.9079000000000006,78.32,2,3,3,3,4,0.47058823529411764,27,0,2,0,2,0,0,0,0,0,3,0
66558664,572.75,4.734660000000004,86.9,2,6,9,3,5,0.47058823529411764,42,0,2,0,1,0,0,0,2,0,0,0
66860907,334.9160000000001,4.286040000000004,15.27,1,3,3,2,3,0.3333333333333333,22,0,1,0,0,0,0,0,0,0,1,0
67171867,398.8540000000001,2.670080000000001,119.62000000000002,3,5,6,3,3,0.2631578947368421,28,0,2,0,1,0,0,0,0,0,1,0
67462786,446.55500000000023,4.183600000000003,77.33,1,7,9,4,4,0.32,33,0,1,0,0,0,0,0,2,0,0,0
67505836,889.0169999999998,8.607300000000008,174.63999999999996,4,8,10,5,10,0.46938775510204084,65,0,4,0,4,0,0,0,2,0,2,0
67517580,615.6280000000004,4.842520000000007,139.98000000000002,3,8,10,3,4,0.4074074074074074,40,0,3,0,0,0,0,0,1,0,2,0
67683363,883.0189999999999,7.731500000000008,193.09999999999997,4,10,11,6,9,0.3877551020408163,65,0,4,0,4,0,0,0,4,0,0,0
71009737,325.23600000000005,1.50088,119.37,3,3,1,2,3,0.23076923076923078,22,0,0,0,0,0,0,0,0,0,1,0
71481097,443.31100000000004,3.386700000000001,97.62,2,6,5,3,3,0.11764705882352941,31,0,2,0,1,0,0,0,0,0,6,0
71491931,1178.7039999999997,7.274000000000008,203.79999999999995,8,10,10,4,8,0.34782608695652173,68,0,4,0,2,0,0,0,0,0,8,2
71492247,1069.0199999999998,5.657600000000004,361.55999999999995,6,20,24,6,6,0.391304347826087,74,2,2,2,0,0,0,0,4,0,0,2
71494926,844.9119999999999,9.828019999999997,179.94,5,8,7,6,8,0.2708333333333333,62,0,3,0,2,0,0,1,2,0,2,1
71584930,510.3670000000001,5.670700000000004,88.05,3,4,5,4,4,0.125,33,0,3,0,2,0,0,0,0,0,2,0
71586738,1221.2580000000003,5.853100000000008,407.36,6,14,6,8,12,0.35714285714285715,86,2,2,0,2,0,0,0,2,0,4,0
71657455,582.9700000000001,4.324580000000003,119.29000000000002,1,6,7,3,5,0.2857142857142857,41,0,1,0,3,0,0,0,0,0,4,0
71731823,406.4210000000001,2.8006800000000016,110.06,1,6,0,3,4,0.23809523809523808,30,1,0,0,1,0,0,0,1,0,1,0
72722243,913.0030000000002,8.476300000000009,195.36999999999998,7,9,10,6,8,0.38,66,0,3,0,2,0,0,1,2,0,3,0
76970819,1221.5199999999995,5.106200000000014,316.82000000000005,8,22,20,4,10,0.5806451612903226,88,2,4,0,2,0,0,0,4,0,0,2
78131177,1217.9919999999993,7.00020000000001,217.99999999999997,6,12,29,4,6,0.48,76,0,6,0,4,0,0,0,4,0,6,0
78357807,595.7260000000005,4.0138000000000025,141.92,3,9,10,4,4,0.27586206896551724,42,0,2,0,1,0,0,0,1,0,0,0
86346053,567.7890000000004,3.9577000000000018,147.14999999999998,4,8,5,0,4,0.8333333333333334,39,1,0,1,0,0,1,0,1,0,0,1
86707828,743.7640000000002,7.904420000000006,163.43,2,9,7,7,7,0.15789473684210525,53,1,0,0,0,0,0,0,1,0,3,0
91618104,440.9310000000001,4.053480000000005,104.20000000000002,2,7,7,3,4,0.34782608695652173,31,0,1,0,0,0,0,0,1,0,1,0
118023034,498.5700000000003,2.6077000000000004,106.28999999999999,1,8,5,5,6,0.2692307692307692,37,1,0,0,0,0,0,0,0,0,1,0
118988661,713.8420000000004,-5.800299999999999,294.95,4,14,12,3,3,0.16666666666666666,46,0,0,0,0,0,0,0,0,0,0,3
121494085,1577.8830000000023,-27.316800000000054,1078.49,0,35,29,0,2,1.0,84,0,0,0,0,0,0,0,3,0,0,0
122201352,503.3650000000002,3.4479000000000037,116.57000000000001,1,5,4,5,5,0.08695652173913043,34,0,1,0,1,0,0,0,0,0,3,0
124081896,571.5580000000003,3.391200000000002,99.53999999999999,0,9,4,3,6,0.2962962962962963,40,0,0,0,1,0,0,0,4,0,2,0
129073603,533.6120000000002,4.200140000000003,135.53,3,8,8,4,5,0.4074074074074074,39,0,3,0,1,0,0,0,1,0,1,0
129893883,626.2170000000004,5.000400000000006,95.66,1,5,4,3,6,0.2894736842105263,45,0,0,0,0,0,0,0,0,0,1,0
134436906,525.6130000000004,3.284380000000002,112.04,1,9,8,4,7,0.3793103448275862,39,0,0,0,0,0,0,0,2,0,0,0
135398508,277.284,-0.8278000000000001,130.05,4,6,2,2,3,0.4166666666666667,20,1,1,0,0,0,0,0,0,0,0,0
135398513,225.208,-1.3317999999999997,119.05,3,6,4,2,2,0.375,16,1,1,0,0,0,0,0,1,0,0,0
135398739,236.231,-0.21050000000000008,93.03,2,5,2,2,3,0.5,17,0,1,0,0,0,0,0,1,0,0,0
135401907,136.11399999999998,-0.35380000000000006,74.43,2,3,0,2,2,0.0,10,0,2,0,0,0,0,0,0,0,0,0
135413536,534.4320000000002,4.952100000000002,83.24000000000001,2,5,6,3,4,0.391304347826087,37,0,2,0,0,0,0,0,2,0,7,0
135449331,564.6430000000001,3.4518600000000013,212.54000000000002,7,9,7,4,4,0.2413793103448276,41,2,1,0,0,0,0,1,0,0,0,1
135476717,649.7700000000002,3.9335000000000044,155.83999999999997,3,9,8,4,5,0.30303030303030304,46,0,1,1,1,0,0,0,1,0,0,0
135565082,380.35800000000006,2.6285000000000007,88.49000000000001,2,5,2,4,5,0.15789473684210525,28,0,2,0,0,0,0,0,0,0,2,0
135565903,413.1730000000002,3.2800400000000014,149.46,2,8,3,3,3,0.13333333333333333,27,0,0,0,0,0,0,2,0,0,2,0
139030242,635.4930000000002,6.545480000000006,108.75999999999999,3,5,9,4,5,0.23333333333333334,43,1,2,0,1,0,0,0,0,0,6,0
