Excipient_CID,MolWt,MolLogP,TPSA,NumHDonors,NumHAcceptors,NumRotatableBonds,NumAromaticRings,RingCount,FractionCSP3,HeavyAtomCount,fr_NH2,fr_NH1,fr_ester,fr_amide,fr_aldehyde,fr_ketone,fr_phenol,fr_ether,fr_epoxide,fr_halogen,fr_COO
24434,101.102,-3.2351,66.2,0,3,0,0,0,0.0,5,0,0,0,0,0,0,0,0,0,0,0
516875,158.03199999999998,-4.5439,74.27,0,4,0,0,0,0.0,6,0,0,0,0,0,0,0,0,0,0,0
24823,47.997,-1.1219999999999999,51.43,0,2,0,0,0,0.0,3,0,0,0,0,0,0,0,0,0,0,0
14793,239.19799999999998,-0.6184000000000001,34.14,0,2,0,0,0,0.0,3,0,0,0,0,0,0,0,0,0,0,0
14798,39.997,-3.1728,30.0,0,1,0,0,0,0.0,2,0,0,0,0,0,0,0,0,0,0,0
56841936,258.159,-3.853,158.97,0,7,6,0,0,0.0,13,0,0,0,0,0,0,0,0,0,0,0
51063134,454.5130000000003,-0.16439999999999322,101.53000000000003,0,11,12,0,2,1.0,31,0,0,0,0,0,0,0,11,0,0,0
1118,98.07899999999998,-0.6527999999999998,74.6,2,2,0,0,0,0.0,5,0,0,0,0,0,0,0,0,0,0,0
2723872,180.156,-3.219799999999999,110.38000000000001,5,6,1,0,1,1.0,12,0,0,0,0,0,0,0,1,0,0,0
1183,152.14899999999997,1.2133,46.53,1,3,2,1,1,0.125,11,0,0,0,0,1,0,1,1,0,0,0
6426889,122.548,-6.563000000000001,69.17999999999999,0,3,0,0,0,0.0,5,0,0,0,0,0,0,0,0,0,1,0
14915,99.993,-0.3589,51.21,0,3,0,0,0,0.0,4,0,0,0,0,0,0,0,0,0,0,0
751,90.07799999999999,-1.4615,57.53,2,3,2,0,0,0.6666666666666666,6,0,0,0,0,1,0,0,0,0,0,0
11177,591.2570000000005,9.614799999999999,80.25999999999999,0,4,32,0,0,0.9444444444444444,41,0,0,0,0,0,0,0,0,0,0,2
174,62.068000000000005,-1.029,40.46,2,2,1,0,0,1.0,4,0,0,0,0,0,0,0,0,0,0,0
14055602,370.35100000000017,-4.0889999999999915,167.53,6,11,6,0,2,1.0,25,0,0,0,0,0,0,0,5,0,0,0
24261,60.084,-0.6184000000000001,34.14,0,2,0,0,0,0.0,3,0,0,0,0,0,0,0,0,0,0,0
26042,79.865,-0.2401,34.14,0,2,0,0,0,0.0,3,0,0,0,0,0,0,0,0,0,0,0
6251,182.172,-3.585399999999998,121.38000000000001,6,6,5,0,0,1.0,12,0,0,0,0,0,0,0,0,0,0,0
11029,84.313,-2.8278,63.19,0,3,0,0,0,0.0,5,0,0,0,0,0,0,0,0,0,0,0
10112,100.08600000000001,-2.8278,63.19,0,3,0,0,0,0.0,5,0,0,0,0,0,0,0,0,0,0,0
14778,56.077000000000005,-0.49960000000000004,17.07,0,1,0,0,0,0.0,2,0,0,0,0,0,0,0,0,0,0,0
6917,111.14399999999999,0.7523,20.310000000000002,0,1,1,0,1,0.5,8,0,0,0,1,0,0,0,0,0,0,0
6134,342.297,-5.397199999999994,189.52999999999997,8,11,4,0,2,1.0,23,0,0,0,0,0,0,0,3,0,0,0
5988,342.297,-5.395599999999995,189.52999999999997,8,11,5,0,2,1.0,23,0,0,0,0,0,0,0,3,0,0,0
131751496,177.12399999999997,0.6850999999999998,20.310000000000002,0,1,2,0,1,0.8333333333333334,10,0,0,0,1,0,0,0,0,0,0,0
22311,136.238,3.308900000000002,0.0,0,0,1,0,1,0.6,10,0,0,0,0,0,0,0,0,0,0,0
24836924,692.6610000000006,-7.370499999999994,305.59999999999997,11,20,12,0,4,1.0,47,0,0,0,0,0,0,0,9,0,0,0
702,46.069,-0.0014000000000000123,20.23,1,1,0,0,0,1.0,3,0,0,0,0,0,0,0,0,0,0,0
1264,486.5170000000003,-2.165699999999995,174.3,5,7,10,3,3,0.35,35,0,5,0,4,0,0,0,0,0,0,0
26924,379.26300000000003,-11.388800000000003,247.1,2,10,0,0,0,0.0,19,0,0,0,0,0,0,0,0,0,0,0
104938,360.31200000000007,-6.221899999999992,221.02999999999997,8,11,4,0,2,1.0,24,0,0,0,0,0,0,0,3,0,0,0
62698,504.43800000000016,-7.572999999999989,268.67999999999995,11,16,7,0,3,1.0,34,0,0,0,0,0,0,0,5,0,0,0
4134690,314.55400000000003,5.992800000000008,40.46,2,2,19,0,0,1.0,22,0,0,0,0,0,0,0,0,0,0,0
656582,205.17,-2.0931999999999995,65.31,0,3,0,1,2,0.0,13,0,0,0,1,0,0,0,0,0,0,0
23706213,262.19,-7.618599999999995,158.35,5,8,5,0,0,0.75,17,0,0,0,0,1,0,0,0,0,0,1
3423265,288.385,0.38810000000000056,66.43,0,4,12,0,0,1.0,18,0,0,0,0,0,0,0,0,0,0,0
134601,294.307,-0.31109999999999854,118.72,3,5,7,1,1,0.35714285714285715,21,1,1,1,1,0,0,0,1,0,0,1
135350084,616.646,4.5793000000000035,129.27,3,9,10,4,6,0.30303030303030304,45,0,3,0,2,0,0,0,5,0,1,0
24497,136.141,-1.7187999999999997,80.25999999999999,0,4,0,0,0,0.0,6,0,0,0,0,0,0,0,0,0,0,0
24441,136.05599999999998,-2.5734,83.42,1,3,0,0,0,0.0,6,0,0,0,0,0,0,0,0,0,0,0
5234,58.443,-5.992,0.0,0,0,0,0,0,0.0,2,0,0,0,0,0,0,0,0,0,1,0
17730,452.3770000000002,-3.2229999999999968,159.35,1,9,4,3,3,0.0,29,0,0,0,0,0,0,1,0,0,0,0
24671,477.38300000000015,-4.786199999999998,161.42999999999998,0,9,3,3,4,0.05555555555555555,31,0,0,0,0,0,2,0,0,0,0,0
3705,422.39600000000013,1.6839999999999997,174.18999999999997,4,7,3,3,4,0.0,28,0,1,0,0,0,1,0,0,0,0,0
270885,197.23399999999995,1.4453,46.61,0,3,2,0,1,0.4,14,0,0,1,1,0,0,0,1,0,0,0
5541,218.20499999999998,0.044299999999999784,78.9,0,6,5,0,0,0.6666666666666666,15,0,0,3,0,0,0,0,3,0,0,0
1030,76.095,-0.6405,40.46,2,2,1,0,0,1.0,5,0,0,0,0,0,0,0,0,0,0,0
5284448,604.8220000000002,4.462600000000006,133.14000000000001,3,10,30,0,1,0.90625,42,0,0,1,0,0,0,0,6,0,0,0
104805,172.086,-4.2228,146.42000000000002,1,3,0,0,0,0.0,8,0,0,0,0,0,0,0,0,0,0,0
54670067,176.124,-1.4073999999999995,107.22000000000001,4,6,2,0,1,0.5,12,0,0,1,0,0,0,0,1,0,0,0
311,192.12300000000002,-1.2485,132.13,4,4,5,0,0,0.5,13,0,0,0,0,0,0,0,0,0,0,3
6932,180.24699999999999,2.6983000000000006,29.46,1,2,1,1,1,0.45454545454545453,13,0,0,0,0,0,0,1,1,0,0,0
4327536,806.9370000000004,-2.1563999999999846,263.36999999999995,8,19,28,0,2,1.0,55,0,0,0,0,0,0,0,11,0,0,0
57503849,1261.4499999999996,-2.3208000000000117,364.90000000000015,8,30,40,0,4,1.0,86,0,0,0,0,0,0,0,22,0,0,0
6581,72.06299999999999,0.25699999999999995,37.3,1,1,1,0,0,0.0,5,0,0,0,0,0,0,0,0,0,0,1
11178,632.3420000000006,9.993099999999997,80.25999999999999,0,4,32,0,0,0.9444444444444444,41,0,0,0,0,0,0,0,0,0,0,2
5281,284.4839999999999,6.332500000000007,37.3,1,1,16,0,0,0.9444444444444444,20,0,0,0,0,0,0,0,0,0,0,1
14792,40.304,-0.49960000000000004,17.07,0,1,0,0,0,0.0,2,0,0,0,0,0,0,0,0,0,0,0
5780,182.172,-3.585399999999998,121.38000000000001,6,6,5,0,0,1.0,12,0,0,0,0,0,0,0,0,0,0,0
14797,56.105000000000004,-3.1728,30.0,0,1,0,0,0,0.0,2,0,0,0,0,0,0,0,0,0,0,0
84571,342.297,-5.397199999999994,189.52999999999997,8,11,4,0,2,1.0,23,0,0,0,0,0,0,0,3,0,0,0
5359268,26.982,-0.3808,0.0,0,0,0,0,0,0.0,1,0,0,0,0,0,0,0,0,0,0,0
24477,158.11100000000002,-6.9985,63.19,0,4,0,0,0,0.0,7,0,0,0,0,0,0,0,0,0,0,0
656671,190.109,-7.6663,97.33,0,5,1,0,0,0.0,9,0,0,0,0,0,0,0,0,0,0,0
5460613,33.075,0.3805,0.0,1,0,0,0,0,0.0,1,0,0,0,0,0,0,0,0,0,0,0
342,108.13999999999997,1.7006199999999996,20.23,1,1,0,1,1,0.14285714285714285,8,0,0,0,0,0,0,1,0,0,0,0
6328154,263.198,-3.668699999999998,155.51999999999998,6,7,5,0,0,0.75,17,0,0,0,0,1,0,0,0,0,0,1
516892,84.006,-4.1083,60.36,1,2,0,0,0,0.0,5,0,0,0,0,0,0,0,0,0,0,0
86278134,1153.0020000000013,-16.27620000000003,585.2800000000003,23,36,19,0,7,1.0,78,0,0,0,0,0,0,0,13,0,0,0
943,62.004000000000005,-0.23910000000000006,66.2,0,3,0,0,0,0.0,4,0,0,0,0,0,0,0,0,0,0,0
24526,70.906,1.379,0.0,0,0,0,0,0,0.0,2,0,0,0,0,0,0,0,0,0,2,0
71853,1526.4640000000022,-20.532899999999934,808.0000000000003,29,47,26,0,9,0.9821428571428571,104,8,1,0,1,0,0,0,18,0,0,0
104931,407.9350000000002,-0.7130999999999952,78.90000000000002,0,6,7,0,0,0.5263157894736842,27,0,0,3,0,0,0,0,3,0,1,0
5143,183.18799999999996,0.11870000000000008,63.24,1,3,0,1,2,0.0,12,0,1,0,1,0,0,0,0,0,0,0
4764,318.32800000000003,3.5601000000000016,66.76,2,4,2,3,4,0.05,24,0,0,1,0,0,0,2,1,0,0,0
6344,84.933,1.4215,0.0,0,0,0,0,0,1.0,3,0,0,0,0,0,0,0,0,0,2,0
3776,60.096000000000004,0.38710000000000006,20.23,1,1,0,0,0,1.0,4,0,0,0,0,0,0,0,0,0,0,0
23665634,390.54,2.1012,66.43,0,4,19,0,0,0.8181818181818182,27,0,0,1,0,0,0,0,1,0,0,1
21257725,475.2130000000003,-6.462199999999999,303.08,11,13,14,0,0,0.7142857142857143,32,1,0,0,0,0,0,0,0,0,0,4
24832091,454.5130000000001,-0.9563999999999955,134.53000000000003,3,11,12,0,2,1.0,31,0,0,0,0,0,0,0,8,0,0,0
164825,534.3710000000002,-9.888200000000007,211.92,0,12,6,2,3,0.0625,34,0,0,0,1,0,0,0,0,0,0,1
8567,195.215,-3.3582999999999976,113.18,6,6,6,0,0,1.0,13,0,1,0,0,0,0,0,0,0,0,0
5102882,216.12099999999998,-7.459799999999997,130.28,4,7,1,0,1,0.8333333333333334,14,0,0,0,0,0,0,0,1,0,0,1
24844,147.014,-8.0222,63.0,0,0,0,0,0,0.0,5,0,0,0,0,0,0,0,0,0,2,0
237332,126.11099999999996,0.5844,50.44,1,3,2,1,1,0.16666666666666666,9,0,0,0,0,1,0,0,0,0,0,0
518696,159.68699999999998,-0.311,43.370000000000005,0,3,2,0,0,0.0,5,0,0,0,0,0,0,0,0,0,0,0
2682,242.44699999999992,5.460000000000006,20.23,1,1,14,0,0,1.0,17,0,0,0,0,0,0,0,0,0,0,0
121950,286.277,-1.0052999999999983,172.58999999999997,6,6,4,0,0,0.7,19,0,0,0,0,0,0,0,0,0,0,3
712,30.026,-0.1849,17.07,0,1,0,0,0,0.0,2,0,0,0,0,0,0,0,0,0,0,0
21584077,175.126,-3.5862,86.25,0,4,0,0,0,0.0,7,0,0,0,0,0,0,0,0,0,0,0
985,256.4299999999999,5.552300000000005,37.3,1,1,14,0,0,0.9375,18,0,0,0,0,0,0,0,0,0,0,1
114690,633.0080000000007,10.216699999999994,135.29,5,5,32,0,0,0.9459459459459459,44,0,0,0,0,0,0,0,0,0,0,2
6433718,829.6390000000002,2.0734000000000012,81.65,0,5,0,3,5,0.05,35,0,0,1,0,0,0,0,2,0,8,0
4093,86.08999999999999,0.6471,37.3,1,1,1,0,0,0.25,6,0,0,0,0,0,0,0,0,0,0,1
33258,496.4300000000002,-2.9059799999999965,168.57999999999998,1,10,5,3,3,0.1111111111111111,32,0,0,0,0,0,0,1,1,0,0,0
123706,192.30599999999995,2.47082,29.259999999999998,1,2,3,1,1,0.5,14,1,0,0,0,0,0,0,0,0,0,0
6451167,177.98800000000003,-9.833999999999998,146.42000000000002,1,3,0,0,0,0.0,9,0,0,0,0,0,0,0,0,0,0,0
5281955,604.8220000000002,4.115000000000004,133.14000000000001,3,10,30,0,1,0.90625,42,0,0,1,0,0,0,0,6,0,0,0
19700,792.8650000000004,-0.9650999999999945,177.85,0,10,12,4,5,0.16216216216216217,53,0,0,0,0,0,0,0,0,0,0,0
24699,358.56300000000005,5.1443000000000065,66.76,2,4,19,0,0,0.9523809523809523,25,0,0,1,0,0,0,0,1,0,0,0
62238,512.9480000000005,11.700199999999983,40.46,2,2,30,0,0,1.0,36,0,0,0,0,0,0,0,0,0,0,0
7456,152.149,1.1788,46.53,1,3,1,1,1,0.125,11,0,0,1,0,0,0,1,1,0,0,0
21862903,211.156,-5.235599999999998,149.25,0,4,0,0,0,0.0,9,0,0,0,0,0,0,0,0,0,0,0
155491311,412.688,-6.948399999999995,441.0,0,1,0,0,0,0.0,21,0,0,0,0,0,0,0,0,0,0,0
16211032,342.297,-5.397199999999994,189.52999999999997,8,11,4,0,2,1.0,23,0,0,0,0,0,0,0,3,0,0,0
24748,240.208,-3.2878999999999983,155.51999999999998,6,7,5,0,0,0.75,16,0,0,0,0,1,0,0,0,0,0,1
6506,276.28499999999997,0.1870000000000001,99.13000000000002,1,7,8,0,0,0.75,19,0,0,3,0,0,0,0,3,0,0,0
875,150.08599999999998,-2.1225999999999994,115.06,4,4,3,0,0,0.5,10,0,0,0,0,0,0,0,0,0,0,2
24882991,663.1380000000003,11.175199999999991,80.25999999999999,0,4,36,0,0,0.95,45,0,0,0,0,0,0,0,0,0,0,2
104804,231.29199999999997,1.472,77.83999999999999,2,3,2,0,0,0.45454545454545453,16,0,0,0,0,0,0,0,0,0,0,2
14109413,402.5310000000001,3.014400000000001,91.67,2,5,1,0,4,0.7916666666666666,29,0,0,0,0,0,3,0,0,0,0,0
88735,344.31300000000005,-5.761199999999993,200.52999999999997,9,11,8,0,1,1.0,23,0,0,0,0,0,0,0,2,0,0,0
71306830,806.9370000000004,-2.1563999999999846,263.36999999999995,8,19,28,0,2,1.0,55,0,0,0,0,0,0,0,11,0,0,0
6049,292.24399999999997,-2.0711999999999957,155.68,4,6,11,0,0,0.6,20,0,0,0,0,0,0,0,0,0,0,4
102601050,262.393,4.2668000000000035,26.3,0,2,1,0,2,0.7058823529411765,19,0,0,1,0,0,0,0,1,0,0,0
68245,338.69899999999996,-0.38149999999999945,132.68,6,6,1,3,3,0.0,23,0,0,0,0,0,0,5,0,0,1,0
7439,150.22099999999998,2.4879000000000007,17.07,0,1,1,0,1,0.5,11,0,0,0,0,0,1,0,0,0,0,0
11046239,346.46400000000006,1.932,96.22000000000001,3,6,13,0,1,0.9444444444444444,24,0,0,1,0,0,0,0,2,0,0,0
443314,522.6760000000004,1.9984000000000006,133.14000000000001,3,10,25,0,1,0.9615384615384616,36,0,0,1,0,0,0,0,6,0,0,0
8434,166.176,1.5688999999999997,46.53,1,3,2,1,1,0.2222222222222222,12,0,0,1,0,0,0,1,1,0,0,0
1732,142.58499999999998,2.3540200000000007,20.23,1,1,0,1,1,0.14285714285714285,9,0,0,0,0,0,0,1,0,0,1,0
6635,303.16599999999994,3.7611000000000017,43.370000000000005,0,3,3,2,2,0.0,18,0,0,0,0,0,0,0,0,0,2,0
6436062,370.5740000000001,5.576000000000007,55.760000000000005,1,4,20,0,0,0.8636363636363636,26,0,0,1,0,0,0,0,2,0,0,0
2537,152.237,2.401700000000001,17.07,0,1,0,0,2,0.9,11,0,0,0,0,0,1,0,0,0,0,0
6989,150.22099999999998,2.8240200000000013,20.23,1,1,1,1,1,0.4,11,0,0,0,0,0,0,1,0,0,0,0
12961638,879.859,-1.1717999999999997,81.65,0,5,0,3,5,0.05,31,0,0,1,0,0,0,0,2,0,4,0
263,74.12299999999999,0.7787999999999999,20.23,1,1,2,0,0,1.0,5,0,0,0,0,0,0,0,0,0,0,0
56841934,165.735,-2.4791,94.5,0,0,0,0,0,0.0,5,0,0,0,0,0,0,0,0,0,0,0
872,342.297,-5.397199999999994,189.52999999999997,8,11,4,0,2,1.0,23,0,0,0,0,0,0,0,3,0,0,0
107665,186.20699999999997,1.3826,63.60000000000001,1,3,3,0,0,0.3333333333333333,13,0,0,1,0,0,0,0,1,0,0,1
62551,238.27999999999994,-0.9625999999999986,77.38000000000001,2,6,13,0,0,1.0,16,0,0,0,0,0,0,0,4,0,0,0
44134661,535.1470000000002,-7.855800000000001,264.56,4,14,8,2,3,0.5,32,1,0,0,0,0,0,0,1,0,0,0
70519829,269.86,1.6179999999999999,0.0,0,0,8,1,1,0.625,18,0,0,0,0,0,0,0,0,0,1,0
444041,1134.9870000000012,-15.230600000000031,554.0500000000002,21,35,7,0,21,1.0,77,0,0,0,0,0,0,0,14,0,0,0
517055,144.10499999999996,-2.945899999999999,40.129999999999995,0,2,1,1,1,0.0,10,0,0,0,0,0,0,0,0,0,0,1
284,46.025000000000006,-0.29919999999999997,37.3,1,1,0,0,0,0.0,3,0,0,0,0,0,0,0,0,0,0,0
131411,477.4240000000001,5.177000000000005,54.7,1,5,7,3,3,0.3181818181818182,29,0,0,1,0,0,0,1,1,0,1,0
104748,81.07199999999999,-0.6615,60.36,1,2,0,0,0,0.0,4,0,0,0,0,0,0,0,0,0,0,0
5311266,260.86,-7.0344,144.84,0,8,4,0,0,0.0,13,0,0,0,0,0,0,0,0,0,0,0
72941614,422.29100000000005,-10.527100000000004,373.5,0,0,0,0,0,0.0,21,0,0,0,0,0,0,0,0,0,0,0
6224,258.069,-14.240600000000002,140.61999999999998,1,7,5,0,0,0.5,16,0,0,0,0,0,0,0,0,0,0,3
753,92.09399999999998,-1.6681000000000001,60.69,3,3,2,0,0,1.0,6,0,0,0,0,0,0,0,0,0,0,0
19116,467.39200000000017,-3.6407999999999974,185.37,2,10,4,3,3,0.0,30,1,0,0,0,0,0,1,0,0,0,0
6731,273.291,3.3976000000000015,47.03,0,3,1,3,4,0.05555555555555555,21,0,0,0,0,0,2,0,0,0,0,0
2723816,96.06099999999999,-3.8496999999999995,40.129999999999995,0,2,1,0,0,0.6666666666666666,6,0,0,0,0,0,0,0,0,0,0,1
4448381,236.29299999999998,-1.3714999999999975,112.65,4,5,7,0,0,0.75,15,1,1,0,1,0,0,0,0,0,0,1
445709,109.89,-2.4766,94.5,0,0,0,0,0,0.0,4,0,0,0,0,0,0,0,0,0,0,0
71485,397.63500000000005,-1.6561000000000008,128.84,5,8,5,0,2,1.0,23,0,0,0,0,0,0,0,3,0,3,0
525,134.087,-1.0934000000000001,94.83,3,3,3,0,0,0.5,9,0,0,0,0,0,0,0,0,0,0,2
7986,314.46600000000007,4.7938000000000045,52.60000000000001,0,4,15,0,0,0.8888888888888888,22,0,0,2,0,0,0,0,2,0,0,0
10960,104.105,-0.4581999999999999,46.53,1,3,2,0,0,0.75,7,0,0,1,0,0,0,0,1,0,0,0
31404,220.35599999999997,4.295620000000003,20.23,1,1,0,1,1,0.6,16,0,0,0,0,0,0,1,0,0,0,0
7175,180.20299999999997,1.959,46.53,1,3,3,1,1,0.3,13,0,0,1,0,0,0,1,1,0,0,0
784,34.014,0.01739999999999997,40.46,2,2,0,0,0,0.0,2,0,0,0,0,0,0,0,0,0,0,0
31296,208.28,2.2986000000000004,0.0,0,0,0,0,0,1.0,4,0,0,0,0,0,0,0,0,0,3,0
107689,90.07799999999999,-0.5482,57.53,2,2,1,0,0,0.6666666666666666,6,0,0,0,0,0,0,0,0,0,0,1
3082248,155.197,1.4402,40.540000000000006,1,2,1,0,1,0.375,11,0,0,0,1,0,0,0,0,0,0,0
9989226,101.961,-1.118,85.5,0,0,0,0,0,0.0,5,0,0,0,0,0,0,0,0,0,0,0
996,94.11299999999997,1.3921999999999997,20.23,1,1,0,1,1,0.0,7,0,0,0,0,0,0,1,0,0,0,0
5462222,39.098,-0.3808,0.0,0,0,0,0,0,0.0,1,0,0,0,0,0,0,0,0,0,0,0
30165,126.904,-2.996,0.0,0,0,0,0,0,0.0,1,0,0,0,0,0,0,0,0,0,1,0
24424,161.45299999999997,-1.3404999999999996,80.25999999999999,0,4,0,0,0,0.0,6,0,0,0,0,0,0,0,0,0,0,0
31348,189.099,-5.252599999999998,140.61999999999998,1,7,5,0,0,0.5,13,0,0,0,0,0,0,0,0,0,0,3
3806114,148.07,-4.791999999999999,120.72000000000001,2,6,3,0,0,0.5,10,0,0,0,0,0,0,0,0,0,0,2
24832095,748.8130000000004,-3.0871999999999837,241.36999999999995,6,19,21,0,3,1.0,51,0,0,0,0,0,0,0,13,0,0,0
14806,81.389,-0.1213,17.07,0,1,0,0,0,0.0,2,0,0,0,0,0,0,0,0,0,0,0
21226445,37.955,-2.9268,0.0,0,0,0,0,0,0.0,2,0,0,0,0,0,0,0,0,0,0,0
219520,116.547,2.0183999999999997,13.14,0,1,1,1,1,0.2,7,0,0,0,0,0,0,0,0,0,1,0
23665647,112.213,-2.850799999999998,23.06,0,1,0,0,0,1.0,6,0,0,0,0,0,0,0,0,0,0,0
24638,116.52499999999999,0.02800000000000008,54.37,1,2,0,0,0,0.0,5,0,0,0,0,0,0,0,0,0,1,0
75905,184.21599999999998,1.5762999999999998,54.370000000000005,1,2,2,1,1,0.0,12,0,0,0,0,0,0,0,0,0,0,0
11199,44.053,0.6879,20.23,1,1,0,0,0,0.0,3,0,0,0,0,0,0,0,0,0,0,0
47932,241.11800000000002,1.0656999999999994,81.5,3,4,3,1,1,0.25,14,2,0,0,0,0,0,0,1,0,2,0
7904,86.09,0.693,26.3,0,2,1,0,0,0.25,6,0,0,1,0,0,0,0,1,0,0,0
154724046,535.1470000000002,-7.244199999999999,253.55999999999995,3,15,8,2,3,0.5,32,1,0,0,0,0,0,0,1,0,0,0
6144,380.172,-19.393999999999984,167.0,0,10,11,0,0,0.6,24,0,0,0,0,0,0,0,0,0,0,4
516919,120.06099999999998,-3.9913999999999996,77.42999999999999,1,3,0,0,0,0.0,6,0,0,0,0,0,0,0,0,0,0,0
23665763,104.06199999999998,-3.6574999999999998,60.36,1,2,0,0,0,0.0,5,0,0,0,0,0,0,0,0,0,0,0
294,342.297,-5.397199999999994,189.52999999999997,8,11,4,0,2,1.0,23,0,0,0,0,0,0,0,3,0,0,0
1061,94.97,-2.8246,86.25,0,4,0,0,0,0.0,5,0,0,0,0,0,0,0,0,0,0,0
9840857,339.70000000000005,0.6195999999999999,66.2,0,3,0,1,1,0.0,11,0,0,0,0,0,0,0,0,0,0,0
807,253.808,1.7714,0.0,0,0,0,0,0,0.0,2,0,0,0,0,0,0,0,0,0,2,0
104755,107.868,-0.0025,0.0,0,0,0,0,0,0.0,1,0,0,0,0,0,0,0,0,0,0,0
27099,63.546,-0.0025,0.0,0,0,0,0,0,0.0,1,0,0,0,0,0,0,0,0,0,0,0
27284,55.845,-0.0025,0.0,0,0,0,0,0,0.0,1,0,0,0,0,0,0,0,0,0,0,0
29936,55.845,-0.0025,0.0,0,0,0,0,0,0.0,1,0,0,0,0,0,0,0,0,0,0,0
23954,107.868,-0.0025,0.0,0,0,0,0,0,0.0,1,0,0,0,0,0,0,0,0,0,0,0
23978,63.546,-0.0025,0.0,0,0,0,0,0,0.0,1,0,0,0,0,0,0,0,0,0,0,0
15908632,108.09299999999999,0.7016999999999999,58.92,2,4,2,0,0,1.0,7,0,0,0,0,0,0,0,0,0,0,0
105075,153.92399999999998,-0.6552999999999998,74.6,2,2,0,0,0,0.0,6,0,0,0,0,0,0,0,0,0,0,0
20353,530.7900000000004,8.904860000000006,72.83,1,4,16,1,2,0.7575757575757576,38,0,0,1,0,0,0,0,2,0,0,1
8314,102.13299999999998,1.1171,37.3,1,1,2,0,0,0.8,7,0,0,0,0,0,0,0,0,0,0,1
146156863,1309.2270000000015,-14.015300000000037,581.7400000000002,21,38,16,0,21,1.0,89,0,0,0,0,0,0,0,17,0,0,0
5462309,30.974,0.8612,0.0,0,0,0,0,0,0.0,1,0,0,0,0,0,0,0,0,0,0,0
22985,80.04299999999999,0.13709999999999994,102.7,1,3,0,0,0,0.0,5,0,0,0,0,0,0,0,0,0,0,0
139600838,264.22999999999996,-2.0797999999999996,122.52000000000001,3,8,3,0,1,0.8,18,0,0,2,0,0,0,0,3,0,0,0
2723854,466.3600000000001,-4.993199999999998,179.85,2,9,3,3,4,0.0,30,0,1,0,0,0,1,0,0,0,0,0
15324,607.0300000000005,9.614799999999999,80.25999999999999,0,4,32,0,0,0.9444444444444444,41,0,0,0,0,0,0,0,0,0,0,2
24401,118.93399999999998,-1.5479,74.27,0,4,0,0,0,0.0,5,0,0,0,0,0,0,0,0,0,0,0
3082361,337.37200000000007,1.6574,115.92,2,6,7,1,1,0.35294117647058826,24,1,0,2,0,0,0,0,2,0,0,1
439195,150.13,-2.5823,90.15,4,5,0,0,1,1.0,10,0,0,0,0,0,0,0,1,0,0,0
261,72.107,0.9854,17.07,0,1,2,0,0,0.75,5,0,0,0,0,1,0,0,0,0,0,0
14923,35.04600000000001,0.1993999999999999,66.5,1,1,0,0,0,0.0,2,0,0,0,0,0,0,0,0,0,0,0
16211978,231.53099999999998,-0.4323,60.440000000000005,0,4,2,0,0,0.0,7,0,0,0,0,0,0,0,0,0,0,0
61817,432.3710000000002,1.7562000000000015,162.18,0,9,4,3,3,0.0,28,0,0,0,0,0,0,0,0,0,0,0
135436515,445.38600000000014,-1.3119999999999996,174.18999999999997,4,7,3,3,4,0.0,29,0,1,0,0,0,1,0,0,0,0,0
73981,58.319,-0.7343999999999999,60.0,0,2,0,0,0,0.0,3,0,0,0,0,0,0,0,0,0,0,0
977,31.998,0.067,34.14,0,2,0,0,0,0.0,2,0,0,0,0,0,0,0,0,0,0,0
6850749,586.7190000000004,2.5637999999999996,213.04999999999995,8,8,17,0,3,0.8333333333333334,41,0,0,0,0,0,0,0,0,0,0,3
24705,236.53599999999997,3.391200000000002,18.46,0,2,4,0,0,1.0,13,0,0,0,0,0,0,0,0,0,0,0
91502,88.851,-0.6783,37.3,1,1,0,0,0,0.0,3,0,0,0,0,0,0,0,0,0,0,0
3037558,342.297,-5.5545999999999935,197.36999999999998,8,11,8,0,1,0.9166666666666666,23,0,0,0,0,1,0,0,2,0,0,0
6255,342.297,-5.397199999999994,189.52999999999997,8,11,4,0,2,1.0,23,0,0,0,0,0,0,0,3,0,0,0
637511,132.16199999999995,1.8987,17.07,0,1,2,1,1,0.0,10,0,0,0,0,1,0,0,0,0,0,0
102503,439.94700000000006,3.052300000000001,122.6,4,3,8,3,3,0.17391304347826086,31,2,2,0,2,0,0,0,0,0,1,0
24751,102.133,0.42169999999999996,25.06,0,2,0,0,2,1.0,7,0,0,0,0,0,0,0,2,2,0,0
89597,754.502,10.560879999999992,141.78,2,8,11,4,4,0.2222222222222222,50,0,2,0,2,0,2,0,0,0,4,0
10340,105.988,-8.439,63.19,0,3,0,0,0,0.0,6,0,0,0,0,0,0,0,0,0,0,0
8146,134.175,0.031799999999999884,38.69,1,3,6,0,0,1.0,9,0,0,0,0,0,0,0,2,0,0,0
44630049,584.4490000000003,-10.346300000000006,325.55,9,18,7,0,3,0.8333333333333334,38,0,0,0,0,0,0,0,5,0,0,3
23320441,106.86600000000001,-1.1228,90.0,0,1,0,0,0,0.0,4,0,0,0,0,0,0,0,0,0,0,0
14789,233.54699999999997,-1.3591,74.6,2,2,0,0,0,0.0,7,0,0,0,0,0,0,0,0,0,0,0
6850741,965.5389999999993,16.123819999999967,103.03999999999999,1,7,4,1,8,0.8548387096774194,69,0,0,1,0,0,2,0,2,0,0,0
154733642,1119.6539999999989,16.39099999999997,194.97,3,15,62,0,0,0.9523809523809523,78,0,0,0,0,0,0,0,9,0,0,0
445639,282.4679999999999,6.1085000000000065,37.3,1,1,15,0,0,0.8333333333333334,20,0,0,0,0,0,0,0,0,0,0,1
441374,582.5820000000002,-7.944200000000009,357.21,13,17,6,0,3,1.0,38,4,0,0,0,0,0,0,4,0,0,0
16204922,330.31500000000005,-0.018399999999999972,70.34,0,4,4,3,3,0.15789473684210525,24,0,0,0,0,0,1,0,0,0,0,0
23663939,634.6140000000003,-0.000879999999997827,202.84,4,11,8,3,4,0.3870967741935484,45,1,1,0,2,0,0,1,4,0,0,0
5311498,1355.3879999999992,3.409210000000012,488.71000000000004,9,19,26,2,8,0.6190476190476191,93,6,1,0,7,0,0,0,1,0,0,0
138843,43.992999999999995,0.9859,0.0,0,0,0,0,0,0.0,2,0,0,0,0,0,0,0,0,0,0,0
222,17.031,0.16199999999999998,35.0,1,1,0,0,0,0.0,1,0,0,0,0,0,0,0,0,0,0,0
131750926,1016.7790000000008,-8.65880000000001,434.1900000000001,13,27,16,0,6,0.9166666666666666,67,0,0,1,0,0,0,0,12,0,0,2
25100,939.4979999999993,15.681499999999964,139.59,3,9,53,0,0,0.9473684210526315,66,0,0,3,0,0,0,0,3,0,0,0
1110,118.08799999999998,-0.06420000000000015,74.6,2,2,3,0,0,0.5,8,0,0,0,0,0,0,0,0,0,0,2
8753,339.995,3.1879000000000017,0.0,0,0,13,1,1,0.7142857142857143,23,0,0,0,0,0,0,0,0,0,1,0
24456,310.174,-6.7916,172.5,0,8,0,0,0,0.0,13,0,0,0,0,0,0,0,0,0,0,0
11339,422.58400000000023,4.1521000000000035,106.97000000000001,1,6,16,0,0,0.9,28,0,0,2,0,0,0,0,2,0,0,0
24203,141.958,-8.1846,83.42,1,3,0,0,0,0.0,7,0,0,0,0,0,0,0,0,0,0,0
101418447,42.985,0.9424899999999999,0.0,0,0,0,0,0,0.0,2,0,0,0,0,0,0,0,0,0,0,0
160041,290.34299999999996,4.292400000000002,34.14,0,2,0,4,5,0.0,21,0,0,0,0,0,0,0,0,0,0,0
14950,492.3890000000001,-1.1940800000000005,242.50999999999993,9,12,3,2,4,0.3181818181818182,35,0,0,0,0,0,2,4,1,0,0,1
6438359,758.0749999999995,10.943999999999994,111.19,0,8,38,0,0,0.8571428571428571,52,0,0,2,0,0,0,0,2,0,0,0
135800280,1315.104,2.2348000000000012,539.55,6,27,9,9,12,0.0,86,0,3,0,0,0,3,0,0,0,0,0
1176,60.05599999999999,-0.9762,69.11,2,1,0,0,0,0.0,4,2,0,0,2,0,0,0,0,0,0,0
6433516,238.46399999999997,1.5676999999999999,52.6,0,4,3,0,0,1.0,13,0,0,0,0,0,0,0,0,0,0,0
5360814,580.7120000000003,0.025000000000000966,206.6,8,12,19,0,2,0.9642857142857143,40,0,0,1,0,0,0,0,3,0,0,0
22895896,162.22899999999996,0.8104,38.69,1,3,7,0,0,1.0,11,0,0,0,0,0,0,0,2,0,0,0
104840,136.147,-1.6514999999999997,73.22,3,4,2,0,1,1.0,9,0,0,0,0,0,0,0,1,1,0,0
679,78.13600000000001,-0.005299999999999971,17.07,0,1,0,0,0,1.0,4,0,0,0,0,0,0,0,0,0,0,0
135436510,595.5270000000002,2.364000000000001,247.57,4,12,7,4,4,0.0,40,1,0,0,0,0,0,1,0,0,0,0
56843209,495.40700000000015,0.7388999999999992,203.42999999999998,3,9,6,2,3,0.0625,32,0,0,0,1,0,0,0,0,0,0,1
5746,334.33200000000005,-1.6511999999999976,146.89000000000001,3,8,3,0,4,0.5333333333333333,24,2,1,0,1,0,2,0,2,0,0,0
17466,604.4830000000003,-6.161699999999998,216.54999999999998,1,12,5,4,4,0.0,38,0,0,0,0,0,0,1,0,0,0,0
72041,1691.4840000000004,-14.246799999999974,713.6900000000005,16,49,32,0,8,0.8636363636363636,116,0,1,7,1,0,0,0,24,0,0,1
5287971,758.0749999999995,10.943999999999994,111.19,0,8,38,0,0,0.8571428571428571,52,0,0,2,0,0,0,0,2,0,0,0
23673837,444.56600000000026,0.8135000000000032,109.80000000000001,0,7,16,0,0,0.9,29,0,0,2,0,0,0,0,2,0,0,0
22146182,130.143,1.3809,46.53,1,3,1,0,0,0.16666666666666666,9,0,0,1,0,0,0,0,1,0,0,0
1254,156.26899999999998,2.4395000000000007,20.23,1,1,1,0,1,1.0,11,0,0,0,0,0,0,0,0,0,0,0
24451,221.937,-8.067599999999999,129.95,2,5,2,0,0,0.0,11,0,0,0,0,0,0,0,0,0,0,0
3028194,6.941,-0.3808,0.0,0,0,0,0,0,0.0,1,0,0,0,0,0,0,0,0,0,0,0
441476,194.13899999999998,-3.1290999999999984,127.45,5,6,1,0,1,0.8333333333333334,13,0,0,0,0,0,0,0,1,0,0,1
374707,441.35900000000015,1.6064399999999999,88.29,2,5,6,3,3,0.35,29,0,1,0,0,0,0,0,0,0,2,0
14781,502.3069999999999,-10.554600000000002,288.75,0,13,0,0,0,0.0,21,0,0,0,0,0,0,0,0,0,0,0
1117,96.06299999999999,-1.3379999999999996,80.25999999999999,0,4,0,0,0,0.0,5,0,0,0,0,0,0,0,0,0,0,0
23994,65.39,-0.0025,0.0,0,0,0,0,0,0.0,1,0,0,0,0,0,0,0,0,0,0,0
19660,60.008,-2.447,63.19,0,3,0,0,0,0.0,4,0,0,0,0,0,0,0,0,0,0,0
24667,360.4940000000001,5.3966000000000065,58.92,2,4,2,2,2,0.45454545454545453,26,0,0,0,0,0,0,2,2,0,0,0
887,32.042,-0.3915,20.23,1,1,0,0,0,1.0,2,0,0,0,0,0,0,0,0,0,0,0
6097185,829.6389999999997,1.6735000000000007,93.4,0,5,2,2,4,0.0,35,0,0,0,0,0,0,0,0,0,8,1
123671,748.9010000000004,5.712100000000005,172.19,2,8,12,4,5,0.16216216216216217,51,0,0,0,0,0,0,0,0,0,0,0
129630617,352.288,-9.452100000000009,164.17000000000002,1,9,11,0,0,0.6,22,0,0,0,0,0,0,0,0,0,0,4
757,76.051,-0.9367000000000001,57.53,2,2,1,0,0,0.5,5,0,0,0,0,0,0,0,0,0,0,1
93374,156.149,-1.5667,133.8,3,7,0,1,1,0.0,11,3,0,0,0,0,0,0,0,0,0,0
62344,265.36,3.5200000000000022,19.370000000000005,0,3,2,3,3,0.23529411764705882,20,0,0,0,0,0,0,0,0,0,0,0
5284359,110.98400000000001,-6.3728,0.0,0,0,0,0,0,0.0,3,0,0,0,0,0,0,0,0,0,2,0
9290,430.37200000000007,-10.036400000000004,282.56,10,14,10,0,0,0.8333333333333334,27,0,0,0,0,0,0,0,0,0,0,2
13144,218.218,-4.146599999999998,120.72000000000001,2,6,2,0,0,0.6666666666666666,13,0,0,0,0,0,0,0,0,0,0,2
13136,498.43200000000013,-11.647600000000006,281.23999999999995,2,14,10,0,0,0.5,29,0,0,0,0,0,0,0,0,0,0,6
6375,61.040000000000006,-0.10710000000000008,43.14,0,2,0,0,0,1.0,4,0,0,0,0,0,0,0,0,0,0,0
7923,98.05699999999999,-0.3740000000000001,43.370000000000005,0,3,0,0,1,0.0,7,0,0,2,0,0,0,0,1,0,0,0
6587,75.067,0.2829999999999999,43.14,0,2,1,0,0,1.0,5,0,0,0,0,0,0,0,0,0,0,0
7903,89.09399999999998,0.6731,43.14,0,2,2,0,0,1.0,6,0,0,0,0,0,0,0,0,0,0,0
101269,625.0320000000002,11.956699999999984,72.83,1,5,36,0,0,0.9487179487179487,44,0,0,2,0,0,0,0,2,0,0,0
23931,200.59,-0.0025,0.0,0,0,0,0,0,0.0,1,0,0,0,0,0,0,0,0,0,0,0
9839867,315.234,-5.067199999999996,155.68,4,6,11,0,0,0.6,21,0,0,0,0,0,0,0,0,0,0,4
5997,386.66400000000016,7.38870000000001,20.23,1,1,5,0,4,0.9259259259259259,28,0,0,0,0,0,0,0,0,0,0,0
61560,177.702,-1.1861,117.0,0,0,0,0,0,0.0,6,0,0,0,0,0,0,0,0,0,0,0
92329579,522.6760000000004,1.9984000000000006,133.14000000000001,3,10,25,0,1,0.9615384615384616,36,0,0,1,0,0,0,0,6,0,0,0
133126842,216.12099999999998,-7.459799999999997,130.28,4,7,1,0,1,0.8333333333333334,14,0,0,0,0,0,0,0,1,0,0,1
24470,169.872,-0.24160000000000006,66.2,0,3,0,0,0,0.0,5,0,0,0,0,0,0,0,0,0,0,0
24462,159.60899999999998,-1.3404999999999996,80.25999999999999,0,4,0,0,0,0.0,6,0,0,0,0,0,0,0,0,0,0,0
5959,323.13200000000006,0.9089999999999998,112.70000000000002,3,5,6,1,1,0.36363636363636365,20,0,1,0,1,0,0,0,0,0,2,0
10608,376.2750000000001,-3.990099999999998,93.4,0,5,2,2,4,0.0,27,0,0,0,0,0,0,0,0,0,0,1
12449,482.6460000000002,4.958600000000004,83.67999999999999,1,4,7,2,3,0.2962962962962963,34,0,0,0,0,0,0,0,0,0,0,0
86472,472.7540000000003,9.059960000000002,35.53,0,3,13,1,2,0.7741935483870968,34,0,0,1,0,0,0,0,2,0,0,0
6912,152.146,-2.9462999999999995,101.15,5,5,4,0,0,1.0,10,0,0,0,0,0,0,0,0,0,0,0
22477175,432.68600000000015,6.224800000000008,97.99000000000001,4,4,22,0,0,0.96,30,0,0,0,0,0,0,0,0,0,0,1
444972,116.07199999999997,-0.28819999999999985,74.6,2,2,2,0,0,0.0,8,0,0,0,0,0,0,0,0,0,0,2
24268,84.994,-3.2351,66.2,0,3,0,0,0,0.0,5,0,0,0,0,0,0,0,0,0,0,0
6354,44.053,0.016600000000000004,12.53,0,1,0,0,1,1.0,3,0,0,0,0,0,0,0,1,1,0,0
23663626,174.131,-2.4491999999999985,49.36,0,3,1,1,1,0.125,12,0,0,1,0,0,0,0,1,0,0,0
5362585,414.67100000000016,6.704700000000009,66.76,2,4,23,0,0,0.96,29,0,0,1,0,0,0,0,1,0,0,0
26574,58.809000000000005,-3.9478,69.17999999999999,0,3,0,0,0,0.0,4,0,0,0,0,0,0,0,0,0,0,0
8578,261.32800000000003,5.145820000000003,50.739999999999995,1,3,2,3,3,0.058823529411764705,20,1,0,0,0,0,0,0,0,0,0,0
161821,252.22199999999998,1.776,100.90000000000002,2,4,3,1,1,0.08333333333333333,18,0,0,1,0,0,0,0,1,0,0,2
56841623,380.836,-11.218300000000003,278.07,0,9,0,0,0,0.0,19,0,0,0,0,0,0,0,0,0,0,0
4873,74.551,-5.992,0.0,0,0,0,0,0,0.0,2,0,0,0,0,0,0,0,0,0,1,0
3026,278.348,3.600400000000003,52.60000000000001,0,4,8,1,1,0.5,20,0,0,2,0,0,0,0,2,0,0,0
180,58.08,0.5952999999999999,17.07,0,1,0,0,0,0.6666666666666666,4,0,0,0,0,0,1,0,0,0,0,0
8456,180.24699999999999,2.698300000000001,29.46,1,2,1,1,1,0.45454545454545453,13,0,0,0,0,0,0,1,1,0,0,0
3259,835.895,6.084200000000003,75.99000000000001,2,5,0,3,5,0.05,29,0,0,1,0,0,0,2,2,0,4,0
6106,131.17499999999995,0.44439999999999996,63.31999999999999,2,2,3,0,0,0.8333333333333334,9,1,0,0,0,0,0,0,0,0,0,1
16213095,580.5770000000005,-6.359799999999987,266.90999999999997,10,17,17,0,2,1.0,39,0,0,0,0,0,0,0,7,0,0,0
71406,574.8430000000003,8.355760000000005,82.06,1,6,18,1,2,0.7714285714285715,41,0,0,2,0,0,0,0,3,0,0,0
517044,98.142,-4.2398,40.129999999999995,0,2,0,0,0,0.5,5,0,0,0,0,0,0,0,0,0,0,1
2735133,124.003,-9.2637,94.69,0,3,0,0,0,0.0,7,0,0,0,0,0,0,0,0,0,0,0
9920342,428.61000000000007,4.048600000000005,96.22000000000001,3,6,18,0,1,0.875,30,0,0,1,0,0,0,0,2,0,0,0
14945,71.844,-0.1213,17.07,0,1,0,0,0,0.0,2,0,0,0,0,0,0,0,0,0,0,0
24928,172.171,-3.3682,143.26,0,4,0,0,0,0.0,8,0,0,0,0,0,0,0,0,0,0,0
134159056,722.7310000000003,-4.160299999999983,272.59999999999997,8,20,18,0,3,1.0,49,0,0,0,0,0,0,0,12,0,0,0
5283468,356.547,4.920300000000006,66.76,2,4,18,0,0,0.8571428571428571,25,0,0,1,0,0,0,0,1,0,0,0
24180693,691.0659999999999,9.204600000000005,114.4,0,6,16,2,2,0.6666666666666666,45,0,0,0,0,0,0,0,0,0,0,0
24180701,675.2930000000006,10.069199999999999,114.4,0,6,22,2,2,0.6666666666666666,45,0,0,0,0,0,0,0,0,0,0,0
17734,255.27399999999994,0.4274999999999998,98.87,3,6,7,1,1,0.45454545454545453,18,0,1,0,0,0,0,0,0,0,0,0
154733643,1113.605999999999,15.718999999999966,194.97,3,15,59,0,0,0.8571428571428571,78,0,0,0,0,0,0,0,9,0,0,0
379,144.214,2.4314999999999998,37.3,1,1,6,0,0,0.875,10,0,0,0,0,0,0,0,0,0,0,1
4947,212.201,1.3702,86.99000000000001,3,5,3,1,1,0.3,15,0,0,1,0,0,0,3,1,0,0,0
26447,154.253,2.6477000000000013,17.07,0,1,1,0,1,0.9,11,0,0,0,0,0,1,0,0,0,0,0
244,108.13999999999997,1.1788999999999998,20.23,1,1,1,1,1,0.14285714285714285,8,0,0,0,0,0,0,0,0,0,0,0
21256123,231.531,-0.4827,114.0,0,0,0,0,0,0.0,7,0,0,0,0,0,0,0,0,0,0,0
24181099,491.4150000000002,-1.8762999999999987,203.42999999999998,3,9,6,2,3,0.0625,32,0,0,0,1,0,0,0,0,0,0,1
516893,100.114,-4.1083,60.36,1,2,0,0,0,0.0,5,0,0,0,0,0,0,0,0,0,0,0
25517,53.492000000000004,-2.6198,36.5,1,0,0,0,0,0.0,2,0,0,0,0,0,0,0,0,0,1,0
6658,100.11699999999999,0.7355,26.3,0,2,1,0,0,0.4,7,0,0,1,0,0,0,0,1,0,0,0
6781,222.23999999999995,2.04,52.60000000000001,0,4,4,1,1,0.3333333333333333,16,0,0,2,0,0,0,0,2,0,0,0
